timestamp,voltage,temperature,current,soc,dt_seconds,runtime_left_minutes,abs_current,power,voltage_lag1,current_lag1,temperature_lag1,avg_voltage_5,avg_current_5,avg_temp_5,d_voltage,d_current,d_temperature
2026-03-31 19:48:29.125099,20304,25,0,86,1.0,,0,0,,,,,,,,,
2026-03-31 19:48:31.737540,20304,25,0,86,2.612441,,0,0,20304.0,0.0,25.0,,,,0.0,0.0,0.0
2026-03-31 19:48:34.314135,20304,25,1,86,2.576595,864300.0,1,20304,20304.0,0.0,25.0,,,,0.0,1.0,0.0
2026-03-31 19:48:36.859227,20304,25,0,86,2.545092,,0,0,20304.0,1.0,25.0,,,,0.0,-1.0,0.0
2026-03-31 19:48:39.426273,20304,25,0,86,2.567046,,0,0,20304.0,0.0,25.0,20304.0,0.2,25.0,0.0,0.0,0.0
2026-03-31 19:48:41.965868,20304,25,0,86,2.539595,,0,0,20304.0,0.0,25.0,20304.0,0.2,25.0,0.0,0.0,0.0
2026-03-31 19:48:44.535027,20304,25,0,86,2.569159,,0,0,20304.0,0.0,25.0,20304.0,0.2,25.0,0.0,0.0,0.0
2026-03-31 19:48:47.076310,20304,25,0,86,2.541283,,0,0,20304.0,0.0,25.0,20304.0,0.0,25.0,0.0,0.0,0.0
2026-03-31 19:48:49.646783,20304,25,0,86,2.570473,,0,0,20304.0,0.0,25.0,20304.0,0.0,25.0,0.0,0.0,0.0
2026-03-31 19:48:52.186580,20304,25,0,86,2.539797,,0,0,20304.0,0.0,25.0,20304.0,0.0,25.0,0.0,0.0,0.0
2026-03-31 19:48:54.755501,20304,25,0,86,2.568921,,0,0,20304.0,0.0,25.0,20304.0,0.0,25.0,0.0,0.0,0.0
2026-03-31 19:48:57.296526,20305,25,1,86,2.541025,864300.0,1,20305,20304.0,0.0,25.0,20304.2,0.2,25.0,1.0,1.0,0.0
2026-03-31 19:48:59.859077,20304,25,1,86,2.562551,864300.0,1,20304,20305.0,1.0,25.0,20304.2,0.4,25.0,-1.0,0.0,0.0
2026-03-31 19:49:02.399476,20304,25,1,86,2.540399,864300.0,1,20304,20304.0,1.0,25.0,20304.2,0.6,25.0,0.0,0.0,0.0
2026-03-31 19:49:04.948843,20304,25,0,86,2.549367,,0,0,20304.0,1.0,25.0,20304.2,0.6,25.0,0.0,-1.0,0.0
2026-03-31 19:49:07.525208,20304,25,0,86,2.576365,,0,0,20304.0,0.0,25.0,20304.2,0.6,25.0,0.0,0.0,0.0
2026-03-31 19:49:10.099928,20264,25,125,86,2.57472,6914.0,125,2533000,20304.0,0.0,25.0,20296.0,25.4,25.0,-40.0,125.0,0.0
2026-03-31 19:49:12.640624,20262,25,143,86,2.540696,6044.0,143,2897466,20264.0,125.0,25.0,20287.6,53.8,25.0,-2.0,18.0,0.0
2026-03-31 19:49:15.213735,20264,25,153,86,2.573111,5649.0,153,3100392,20262.0,143.0,25.0,20279.6,84.2,25.0,2.0,10.0,0.0
2026-03-31 19:49:17.754815,20261,25,167,86,2.54108,5175.0,167,3383587,20264.0,153.0,25.0,20271.0,117.6,25.0,-3.0,14.0,0.0
2026-03-31 19:49:20.328471,20090,25,289,86,2.573656,2990.0,289,5806010,20261.0,167.0,25.0,20228.2,175.4,25.0,-171.0,122.0,0.0
2026-03-31 19:49:22.870109,19631,25,609,86,2.541638,1419.0,609,11955279,20090.0,289.0,25.0,20101.6,272.2,25.0,-459.0,320.0,0.0
2026-03-31 19:49:25.445508,19493,25,1276,86,2.575399,677.0,1276,24873068,19631.0,609.0,25.0,19947.8,498.8,25.0,-138.0,667.0,0.0
2026-03-31 19:49:27.987412,20081,25,1332,86,2.541904,648.0,1332,26747892,19493.0,1276.0,25.0,19911.2,734.6,25.0,588.0,56.0,0.0
2026-03-31 19:49:30.563612,20123,25,1199,86,2.5762,720.0,1199,24127477,20081.0,1332.0,25.0,19883.6,941.0,25.0,42.0,-133.0,0.0
2026-03-31 19:49:33.105993,20128,25,1126,86,2.542381,767.0,1126,22664128,20123.0,1199.0,25.0,19891.2,1108.4,25.0,5.0,-73.0,0.0
2026-03-31 19:49:35.677643,20129,25,1035,86,2.57165,835.0,1035,20833515,20128.0,1126.0,25.0,19990.8,1193.6,25.0,1.0,-91.0,0.0
2026-03-31 19:49:38.220138,20131,25,983,86,2.542495,879.0,983,19788773,20129.0,1035.0,25.0,20118.4,1135.0,25.0,2.0,-52.0,0.0
2026-03-31 19:49:40.800309,20130,25,919,86,2.580171,940.0,919,18499470,20131.0,983.0,25.0,20128.2,1052.4,25.0,-1.0,-64.0,0.0
2026-03-31 19:49:43.343105,20130,25,862,86,2.542796,1002.0,862,17352060,20130.0,919.0,25.0,20129.6,985.0,25.0,0.0,-57.0,0.0
2026-03-31 19:49:45.919712,20148,25,784,86,2.576607,1102.0,784,15796032,20130.0,862.0,25.0,20133.6,916.6,25.0,18.0,-78.0,0.0
2026-03-31 19:49:48.454788,20068,25,809,86,2.535076,1068.0,809,16235012,20148.0,784.0,25.0,20121.4,871.4,25.0,-80.0,25.0,0.0
2026-03-31 19:49:51.029997,19831,25,1172,86,2.575209,737.0,1172,23241932,20068.0,809.0,25.0,20061.4,909.2,25.0,-237.0,363.0,0.0
2026-03-31 19:49:53.574483,20171,25,1128,86,2.544486,766.0,1128,22752888,19831.0,1172.0,25.0,20069.6,951.0,25.0,340.0,-44.0,0.0
2026-03-31 19:49:56.155271,20184,25,1013,86,2.580788,853.0,1013,20446392,20171.0,1128.0,25.0,20080.4,981.2,25.0,13.0,-115.0,0.0
2026-03-31 19:49:58.700114,20190,25,867,86,2.544843,996.0,867,17504730,20184.0,1013.0,25.0,20088.8,997.8,25.0,6.0,-146.0,0.0
2026-03-31 19:50:01.274639,20193,25,748,86,2.574525,1155.0,748,15104364,20190.0,867.0,25.0,20113.8,985.6,25.0,3.0,-119.0,0.0
2026-03-31 19:50:03.817938,20196,25,681,86,2.543299,1269.0,681,13753476,20193.0,748.0,25.0,20186.8,887.4,25.0,3.0,-67.0,0.0
2026-03-31 19:50:06.388510,20198,25,597,86,2.570572,1447.0,597,12058206,20196.0,681.0,25.0,20192.2,781.2,25.0,2.0,-84.0,0.0
2026-03-31 19:50:08.982364,20201,25,550,86,2.593854,1571.0,550,11110550,20198.0,597.0,25.0,20195.6,688.6,25.0,3.0,-47.0,0.0
2026-03-31 19:50:11.518499,20202,25,491,86,2.536135,1760.0,491,9919182,20201.0,550.0,25.0,20198.0,613.4,25.0,1.0,-59.0,0.0
2026-03-31 19:50:14.100563,20200,25,458,86,2.582064,1887.0,458,9251600,20202.0,491.0,25.0,20199.4,555.4,25.0,-2.0,-33.0,0.0
2026-03-31 19:50:16.637159,20202,25,418,86,2.536596,2067.0,418,8444436,20200.0,458.0,25.0,20200.6,502.8,25.0,2.0,-40.0,0.0
2026-03-31 19:50:19.218719,20200,25,385,86,2.58156,2244.0,385,7777000,20202.0,418.0,25.0,20201.0,460.4,25.0,-2.0,-33.0,0.0
2026-03-31 19:50:21.792376,20200,25,366,86,2.573657,2361.0,366,7393200,20200.0,385.0,25.0,20200.8,423.6,25.0,0.0,-19.0,0.0
2026-03-31 19:50:24.381406,20007,25,474,86,2.58903,1823.0,474,9483318,20200.0,366.0,25.0,20161.8,420.2,25.0,-193.0,108.0,0.0
2026-03-31 19:50:26.920342,20002,25,586,86,2.538936,1474.0,586,11721172,20007.0,474.0,25.0,20122.2,445.8,25.0,-5.0,112.0,0.0
2026-03-31 19:50:29.504619,19992,25,719,86,2.584277,1202.0,719,14374248,20002.0,586.0,25.0,20080.2,506.0,25.0,-10.0,133.0,0.0
2026-03-31 19:50:32.095992,19988,25,827,86,2.591373,1045.0,827,16530076,19992.0,719.0,25.0,20037.8,594.4,25.0,-4.0,108.0,0.0
2026-03-31 19:50:34.640981,19977,25,892,86,2.544989,968.0,892,17819484,19988.0,827.0,25.0,19993.2,699.6,25.0,-11.0,65.0,0.0
2026-03-31 19:50:37.228430,19976,25,972,86,2.587449,889.0,972,19416672,19977.0,892.0,25.0,19987.0,799.2,25.0,-1.0,80.0,0.0
2026-03-31 19:50:39.774490,19968,25,1016,86,2.54606,850.0,1016,20287488,19976.0,972.0,25.0,19980.2,885.2,25.0,-8.0,44.0,0.0
2026-03-31 19:50:42.365535,19964,25,1073,86,2.591045,805.0,1073,21421372,19968.0,1016.0,25.0,19974.6,956.0,25.0,-4.0,57.0,0.0
2026-03-31 19:50:44.911359,19960,25,1106,86,2.545824,781.0,1106,22075760,19964.0,1073.0,25.0,19969.0,1011.8,25.0,-4.0,33.0,0.0
2026-03-31 19:50:47.487179,19954,25,1150,86,2.57582,751.0,1150,22947100,19960.0,1106.0,25.0,19964.4,1063.4,25.0,-6.0,44.0,0.0
2026-03-31 19:50:50.090241,19945,25,1188,86,2.603062,727.0,1188,23694660,19954.0,1150.0,25.0,19958.2,1106.6,25.0,-9.0,38.0,0.0
2026-03-31 19:50:52.629174,19902,25,1229,86,2.538933,703.0,1229,24459558,19945.0,1188.0,25.0,19945.0,1149.2,25.0,-43.0,41.0,0.0
2026-03-31 19:50:55.227293,19870,25,1306,86,2.598119,661.0,1306,25950220,19902.0,1229.0,25.0,19926.2,1195.8,25.0,-32.0,77.0,0.0
2026-03-31 19:50:57.766401,19917,25,1323,86,2.539108,653.0,1323,26350191,19870.0,1306.0,25.0,19917.6,1239.2,25.0,47.0,17.0,0.0
2026-03-31 19:51:00.353061,19929,25,1362,86,2.58666,634.0,1362,27143298,19917.0,1323.0,25.0,19912.6,1281.6,25.0,12.0,39.0,0.0
2026-03-31 19:51:02.951439,19924,25,1357,85,2.598378,629.0,1357,27036868,19929.0,1362.0,25.0,19908.4,1315.4,25.0,-5.0,-5.0,0.0
2026-03-31 19:51:05.505208,19870,25,1386,85,2.553769,616.0,1386,27539820,19924.0,1357.0,25.0,19902.0,1346.8,25.0,-54.0,29.0,0.0
2026-03-31 19:51:08.081090,19863,25,1440,85,2.575882,593.0,1440,28602720,19870.0,1386.0,25.0,19900.6,1373.6,25.0,-7.0,54.0,0.0
2026-03-31 19:51:10.629080,19935,25,1446,85,2.54799,590.0,1446,28826010,19863.0,1440.0,25.0,19904.2,1398.2,25.0,72.0,6.0,0.0
2026-03-31 19:51:13.203945,19930,25,1413,85,2.574865,604.0,1413,28161090,19935.0,1446.0,25.0,19904.4,1408.4,25.0,-5.0,-33.0,0.0
2026-03-31 19:51:15.800753,19872,25,1400,85,2.596808,610.0,1400,27820800,19930.0,1413.0,25.0,19894.0,1417.0,25.0,-58.0,-13.0,0.0
2026-03-31 19:51:18.341820,19745,25,1492,85,2.541067,572.0,1492,29459540,19872.0,1400.0,25.0,19869.0,1438.2,25.0,-127.0,92.0,0.0
2026-03-31 19:51:20.936469,19557,25,1755,85,2.594649,486.0,1755,34322535,19745.0,1492.0,25.0,19807.8,1501.2,25.0,-188.0,263.0,0.0
2026-03-31 19:51:23.477447,19373,25,2038,85,2.540978,419.0,2038,39482174,19557.0,1755.0,25.0,19695.4,1619.6,25.0,-184.0,283.0,0.0
2026-03-31 19:51:26.075285,19662,25,2208,85,2.597838,386.0,2208,43413696,19373.0,2038.0,25.0,19641.8,1778.6,25.0,289.0,170.0,0.0
2026-03-31 19:51:28.616442,19783,25,2208,85,2.541157,386.0,2208,43680864,19662.0,2208.0,25.0,19624.0,1940.2,25.0,121.0,0.0,0.0
2026-03-31 19:51:31.203583,19897,25,2064,85,2.587141,413.0,2064,41067408,19783.0,2208.0,25.0,19654.4,2054.6,25.0,114.0,-144.0,0.0
2026-03-31 19:51:33.789567,19889,25,1953,85,2.585984,437.0,1953,38843217,19897.0,2064.0,25.0,19720.8,2094.2,25.0,-8.0,-111.0,0.0
2026-03-31 19:51:36.339880,19896,25,1817,85,2.550313,470.0,1817,36151032,19889.0,1953.0,25.0,19825.4,2050.0,25.0,7.0,-136.0,0.0
2026-03-31 19:51:38.921077,20071,25,1580,85,2.581197,540.0,1580,31712180,19896.0,1817.0,25.0,19907.2,1924.4,25.0,175.0,-237.0,0.0
2026-03-31 19:51:41.510957,20085,25,1407,85,2.58988,607.0,1407,28259595,20071.0,1580.0,25.0,19967.6,1764.2,25.0,14.0,-173.0,0.0
2026-03-31 19:51:44.095045,20093,25,1188,85,2.584088,719.0,1188,23870484,20085.0,1407.0,25.0,20006.8,1589.0,25.0,8.0,-219.0,0.0
2026-03-31 19:51:46.645377,20098,25,1068,85,2.550332,799.0,1068,21464664,20093.0,1188.0,25.0,20048.6,1412.0,25.0,5.0,-120.0,0.0
2026-03-31 19:51:49.227153,20103,25,917,85,2.581776,931.0,917,18434451,20098.0,1068.0,25.0,20090.0,1232.0,25.0,5.0,-151.0,0.0
2026-03-31 19:51:51.827755,20107,25,832,85,2.600602,1026.0,832,16729024,20103.0,917.0,25.0,20097.2,1082.4,25.0,4.0,-85.0,0.0
2026-03-31 19:51:54.413672,20117,25,724,85,2.585917,1179.0,724,14564708,20107.0,832.0,25.0,20103.6,945.8,25.0,10.0,-108.0,0.0
2026-03-31 19:51:57.027089,20120,25,635,85,2.613417,1345.0,635,12776200,20117.0,724.0,25.0,20109.0,835.2,25.0,3.0,-89.0,0.0
2026-03-31 19:51:59.570148,20112,25,586,85,2.543059,1457.0,586,11785632,20120.0,635.0,25.0,20111.8,738.8,25.0,-8.0,-49.0,0.0
2026-03-31 19:52:02.175827,20125,25,525,85,2.605679,1627.0,525,10565625,20112.0,586.0,25.0,20116.2,660.4,25.0,13.0,-61.0,0.0
2026-03-31 19:52:04.719525,20129,25,487,85,2.543698,1754.0,487,9802823,20125.0,525.0,25.0,20120.6,591.4,25.0,4.0,-38.0,0.0
2026-03-31 19:52:07.309960,20132,25,441,85,2.590435,1937.0,441,8878212,20129.0,487.0,25.0,20123.6,534.8,25.0,3.0,-46.0,0.0
2026-03-31 19:52:09.904047,20133,25,402,85,2.594087,2125.0,402,8093466,20132.0,441.0,25.0,20126.2,488.2,25.0,1.0,-39.0,0.0
2026-03-31 19:52:12.455744,20138,25,381,85,2.551697,2242.0,381,7672578,20133.0,402.0,25.0,20131.4,447.2,25.0,5.0,-21.0,0.0
2026-03-31 19:52:15.040347,20140,25,354,85,2.584603,2413.0,354,7129560,20138.0,381.0,25.0,20134.4,413.0,25.0,2.0,-27.0,0.0
2026-03-31 19:52:17.637454,20142,25,338,85,2.597107,2527.0,338,6807996,20140.0,354.0,25.0,20137.0,383.2,25.0,2.0,-16.0,0.0
2026-03-31 19:52:20.182721,20106,25,353,85,2.545267,2419.0,353,7097418,20142.0,338.0,25.0,20131.8,365.6,25.0,-36.0,15.0,0.0
2026-03-31 19:52:22.792318,20144,25,330,85,2.609597,2588.0,330,6647520,20106.0,353.0,25.0,20134.0,351.2,25.0,38.0,-23.0,0.0
2026-03-31 19:52:25.337300,20146,25,317,85,2.544982,2694.0,317,6386282,20144.0,330.0,25.0,20135.6,338.4,25.0,2.0,-13.0,0.0
2026-03-31 19:52:27.925097,20148,25,301,85,2.587797,2838.0,301,6064548,20146.0,317.0,25.0,20137.2,327.8,25.0,2.0,-16.0,0.0
2026-03-31 19:52:30.470573,19945,25,297,85,2.545476,2876.0,297,5923665,20148.0,301.0,25.0,20097.8,319.6,25.0,-203.0,-4.0,0.0
2026-03-31 19:52:33.068701,19427,25,890,85,2.598128,959.0,890,17290030,19945.0,297.0,25.0,19962.0,427.0,25.0,-518.0,593.0,0.0
2026-03-31 19:52:35.614402,19787,25,1214,85,2.545701,703.0,1214,24021418,19427.0,890.0,25.0,19890.6,603.8,25.0,360.0,324.0,0.0
2026-03-31 19:52:38.230229,20095,25,1125,85,2.615827,759.0,1125,22606875,19787.0,1214.0,25.0,19880.4,765.4,25.0,308.0,-89.0,0.0
2026-03-31 19:52:40.776590,20109,25,959,85,2.546361,890.0,959,19284531,20095.0,1125.0,25.0,19872.6,897.0,25.0,14.0,-166.0,0.0
2026-03-31 19:52:43.374787,20117,25,866,85,2.598197,986.0,866,17421322,20109.0,959.0,25.0,19907.0,1010.8,25.0,8.0,-93.0,0.0
2026-03-31 19:52:45.990547,20124,25,748,85,2.61576,1142.0,748,15052752,20117.0,866.0,25.0,20046.4,982.4,25.0,7.0,-118.0,0.0
2026-03-31 19:52:48.544868,20126,25,682,85,2.554321,1252.0,682,13725932,20124.0,748.0,25.0,20114.2,876.0,25.0,2.0,-66.0,0.0
2026-03-31 19:52:51.155753,20130,25,598,85,2.610885,1428.0,598,12037740,20126.0,682.0,25.0,20121.2,770.6,25.0,4.0,-84.0,0.0
2026-03-31 19:52:53.710685,20132,25,562,85,2.554932,1520.0,562,11314184,20130.0,598.0,25.0,20125.8,691.2,25.0,2.0,-36.0,0.0
2026-03-31 19:52:56.299881,20135,25,520,85,2.589196,1642.0,520,10470200,20132.0,562.0,25.0,20129.4,622.0,25.0,3.0,-42.0,0.0
2026-03-31 19:52:58.910384,20130,25,521,85,2.610503,1639.0,521,10487730,20135.0,520.0,25.0,20130.6,576.6,25.0,-5.0,1.0,0.0
2026-03-31 19:53:01.458316,19913,25,543,85,2.547932,1573.0,543,10812759,20130.0,521.0,25.0,20088.0,548.8,25.0,-217.0,22.0,0.0
2026-03-31 19:53:04.072539,20128,25,575,85,2.614223,1485.0,575,11573600,19913.0,543.0,25.0,20087.6,544.2,25.0,215.0,32.0,0.0
2026-03-31 19:53:06.620118,20132,25,512,85,2.547579,1668.0,512,10307584,20128.0,575.0,25.0,20087.6,534.2,25.0,4.0,-63.0,0.0
2026-03-31 19:53:09.223793,20139,25,476,85,2.603675,1794.0,476,9586164,20132.0,512.0,25.0,20088.4,525.4,25.0,7.0,-36.0,0.0
2026-03-31 19:53:11.772315,20141,25,430,85,2.548522,1986.0,430,8660630,20139.0,476.0,25.0,20090.6,507.2,25.0,2.0,-46.0,0.0
2026-03-31 19:53:14.381083,20077,25,417,85,2.608768,2048.0,417,8372109,20141.0,430.0,25.0,20123.4,482.0,25.0,-64.0,-13.0,0.0
2026-03-31 19:53:16.929234,20030,25,478,85,2.548151,1787.0,478,9574340,20077.0,417.0,25.0,20103.8,462.6,25.0,-47.0,61.0,0.0
2026-03-31 19:53:19.534385,20028,25,527,85,2.605151,1620.0,527,10554756,20030.0,478.0,25.0,20083.0,465.6,25.0,-2.0,49.0,0.0
2026-03-31 19:53:22.083582,20024,25,588,85,2.549197,1452.0,588,11774112,20028.0,527.0,25.0,20060.0,488.0,25.0,-4.0,61.0,0.0
2026-03-31 19:53:24.700925,20021,25,637,85,2.617343,1341.0,637,12753377,20024.0,588.0,25.0,20036.0,529.4,25.0,-3.0,49.0,0.0
2026-03-31 19:53:27.250354,20032,25,674,85,2.549429,1267.0,674,13501568,20021.0,637.0,25.0,20027.0,580.8,25.0,11.0,37.0,0.0
2026-03-31 19:53:29.868551,19998,25,741,85,2.618197,1152.0,741,14818518,20032.0,674.0,25.0,20020.6,633.4,25.0,-34.0,67.0,0.0
2026-03-31 19:53:32.418380,19945,25,808,85,2.549829,1057.0,808,16115560,19998.0,741.0,25.0,20004.0,689.6,25.0,-53.0,67.0,0.0
2026-03-31 19:53:35.017302,19985,25,895,85,2.598922,954.0,895,17886575,19945.0,808.0,25.0,19996.2,751.0,25.0,40.0,87.0,0.0
2026-03-31 19:53:37.567563,20111,25,823,85,2.550261,1037.0,823,16551353,19985.0,895.0,25.0,20014.2,788.2,25.0,126.0,-72.0,0.0
2026-03-31 19:53:40.180968,20122,25,747,85,2.613405,1143.0,747,15031134,20111.0,823.0,25.0,20032.2,802.8,25.0,11.0,-76.0,0.0
2026-03-31 19:53:42.730932,20127,25,651,85,2.549964,1312.0,651,13102677,20122.0,747.0,25.0,20058.0,784.8,25.0,5.0,-96.0,0.0
2026-03-31 19:53:45.335550,20154,25,597,85,2.604618,1430.0,597,12031938,20127.0,651.0,25.0,20099.8,742.6,25.0,27.0,-54.0,0.0
2026-03-31 19:53:47.886035,20178,25,0,85,2.550485,,0,0,20154.0,597.0,25.0,20138.4,563.6,25.0,24.0,-597.0,0.0
2026-03-31 19:53:50.489837,20183,25,0,85,2.603802,,0,0,20178.0,0.0,25.0,20152.8,399.0,25.0,5.0,0.0,0.0
2026-03-31 19:53:53.040809,20185,25,0,85,2.550972,,0,0,20183.0,0.0,25.0,20165.4,249.6,25.0,2.0,0.0,0.0
2026-03-31 19:53:55.643081,20189,25,0,85,2.602272,,0,0,20185.0,0.0,25.0,20177.8,119.4,25.0,4.0,0.0,0.0
2026-03-31 19:53:58.194487,20192,25,0,85,2.551406,,0,0,20189.0,0.0,25.0,20185.4,0.0,25.0,3.0,0.0,0.0
2026-03-31 19:54:00.806456,20194,25,0,85,2.611969,,0,0,20192.0,0.0,25.0,20188.6,0.0,25.0,2.0,0.0,0.0
2026-03-31 19:54:03.358290,20197,25,0,85,2.551834,,0,0,20194.0,0.0,25.0,20191.4,0.0,25.0,3.0,0.0,0.0
2026-03-31 19:54:05.971177,20199,25,0,85,2.612887,,0,0,20197.0,0.0,25.0,20194.2,0.0,25.0,2.0,0.0,0.0
2026-03-31 19:54:08.523072,20202,25,0,85,2.551895,,0,0,20199.0,0.0,25.0,20196.8,0.0,25.0,3.0,0.0,0.0
2026-03-31 19:54:11.145580,20204,25,0,85,2.622508,,0,0,20202.0,0.0,25.0,20199.2,0.0,25.0,2.0,0.0,0.0
2026-03-31 19:54:13.697957,20206,25,0,85,2.552377,,0,0,20204.0,0.0,25.0,20201.6,0.0,25.0,2.0,0.0,0.0
2026-03-31 19:54:16.306229,20207,25,0,85,2.608272,,0,0,20206.0,0.0,25.0,20203.6,0.0,25.0,1.0,0.0,0.0
2026-03-31 19:54:18.858666,20209,25,0,85,2.552437,,0,0,20207.0,0.0,25.0,20205.6,0.0,25.0,2.0,0.0,0.0
2026-03-31 19:54:21.478271,20211,25,0,85,2.619605,,0,0,20209.0,0.0,25.0,20207.4,0.0,25.0,2.0,0.0,0.0
2026-03-31 19:54:24.035518,20212,25,0,85,2.557247,,0,0,20211.0,0.0,25.0,20209.0,0.0,25.0,1.0,0.0,0.0
2026-03-31 19:54:26.669781,20214,25,0,85,2.634263,,0,0,20212.0,0.0,25.0,20210.6,0.0,25.0,2.0,0.0,0.0
2026-03-31 19:54:29.222528,20214,25,0,85,2.552747,,0,0,20214.0,0.0,25.0,20212.0,0.0,25.0,0.0,0.0,0.0
2026-03-31 19:54:31.834654,20217,25,0,85,2.612126,,0,0,20214.0,0.0,25.0,20213.6,0.0,25.0,3.0,0.0,0.0
2026-03-31 19:54:34.388609,20218,25,0,85,2.553955,,0,0,20217.0,0.0,25.0,20215.0,0.0,25.0,1.0,0.0,0.0
2026-03-31 19:54:37.011111,20219,25,0,85,2.622502,,0,0,20218.0,0.0,25.0,20216.4,0.0,25.0,1.0,0.0,0.0
2026-03-31 19:54:39.564983,20219,25,0,85,2.553872,,0,0,20219.0,0.0,25.0,20217.4,0.0,25.0,0.0,0.0,0.0
2026-03-31 19:54:42.183880,20220,25,0,85,2.618897,,0,0,20219.0,0.0,25.0,20218.6,0.0,25.0,1.0,0.0,0.0
2026-03-31 19:54:44.738830,20222,25,0,85,2.55495,,0,0,20220.0,0.0,25.0,20219.6,0.0,25.0,2.0,0.0,0.0
2026-03-31 19:54:47.356208,20223,25,0,85,2.617378,,0,0,20222.0,0.0,25.0,20220.6,0.0,25.0,1.0,0.0,0.0
2026-03-31 19:54:49.910694,20223,25,0,85,2.554486,,0,0,20223.0,0.0,25.0,20221.4,0.0,25.0,0.0,0.0,0.0
2026-03-31 19:54:52.517976,20225,25,0,85,2.607282,,0,0,20223.0,0.0,25.0,20222.6,0.0,25.0,2.0,0.0,0.0
2026-03-31 19:54:55.072684,20226,25,1,85,2.554708,854249.0,1,20226,20225.0,0.0,25.0,20223.8,0.2,25.0,1.0,1.0,0.0
2026-03-31 19:54:57.696351,20227,25,0,85,2.623667,,0,0,20226.0,1.0,25.0,20224.8,0.2,25.0,1.0,-1.0,0.0
2026-03-31 19:55:00.251786,20228,25,0,85,2.555435,,0,0,20227.0,0.0,25.0,20225.8,0.2,25.0,1.0,0.0,0.0
2026-03-31 19:55:02.858443,20228,25,0,85,2.606657,,0,0,20228.0,0.0,25.0,20226.8,0.2,25.0,0.0,0.0,0.0
2026-03-31 19:55:05.413848,20230,25,0,85,2.555405,,0,0,20228.0,0.0,25.0,20227.8,0.2,25.0,2.0,0.0,0.0
2026-03-31 19:55:08.042852,20230,25,0,85,2.629004,,0,0,20230.0,0.0,25.0,20228.6,0.0,25.0,0.0,0.0,0.0
2026-03-31 19:55:10.598761,20231,25,0,85,2.555909,,0,0,20230.0,0.0,25.0,20229.4,0.0,25.0,1.0,0.0,0.0
2026-03-31 19:55:13.197959,20233,25,0,85,2.599198,,0,0,20231.0,0.0,25.0,20230.4,0.0,25.0,2.0,0.0,0.0
2026-03-31 19:55:15.754049,20234,25,0,85,2.55609,,0,0,20233.0,0.0,25.0,20231.6,0.0,25.0,1.0,0.0,0.0
2026-03-31 19:55:18.378195,20234,25,0,85,2.624146,,0,0,20234.0,0.0,25.0,20232.4,0.0,25.0,0.0,0.0,0.0
2026-03-31 19:55:20.934846,20234,25,0,85,2.556651,,0,0,20234.0,0.0,25.0,20233.2,0.0,25.0,0.0,0.0,0.0
2026-03-31 19:55:23.551510,20234,25,0,85,2.616664,,0,0,20234.0,0.0,25.0,20233.8,0.0,25.0,0.0,0.0,0.0
2026-03-31 19:55:26.107824,20235,25,0,85,2.556314,,0,0,20234.0,0.0,25.0,20234.2,0.0,25.0,1.0,0.0,0.0
2026-03-31 19:55:28.736555,20236,25,0,85,2.628731,,0,0,20235.0,0.0,25.0,20234.6,0.0,25.0,1.0,0.0,0.0
2026-03-31 19:55:31.294397,20236,25,0,85,2.557842,,0,0,20236.0,0.0,25.0,20235.0,0.0,25.0,0.0,0.0,0.0
2026-03-31 19:55:33.897216,20236,25,0,85,2.602819,,0,0,20236.0,0.0,25.0,20235.4,0.0,25.0,0.0,0.0,0.0
2026-03-31 19:55:36.455805,20237,25,0,85,2.558589,,0,0,20236.0,0.0,25.0,20236.0,0.0,25.0,1.0,0.0,0.0
2026-03-31 19:55:39.084666,20237,25,0,85,2.628861,,0,0,20237.0,0.0,25.0,20236.4,0.0,25.0,0.0,0.0,0.0
2026-03-31 19:55:41.642552,20238,25,0,85,2.557886,,0,0,20237.0,0.0,25.0,20236.8,0.0,25.0,1.0,0.0,0.0
2026-03-31 19:55:44.260783,20238,25,0,85,2.618231,,0,0,20238.0,0.0,25.0,20237.2,0.0,25.0,0.0,0.0,0.0
2026-03-31 19:55:46.818908,20239,25,0,85,2.558125,,0,0,20238.0,0.0,25.0,20237.8,0.0,25.0,1.0,0.0,0.0
2026-03-31 19:55:49.431638,20239,25,0,85,2.61273,,0,0,20239.0,0.0,25.0,20238.2,0.0,25.0,0.0,0.0,0.0
2026-03-31 19:55:51.990260,20240,25,0,85,2.558622,,0,0,20239.0,0.0,25.0,20238.8,0.0,25.0,1.0,0.0,0.0
2026-03-31 19:55:54.620336,20240,25,0,85,2.630076,,0,0,20240.0,0.0,25.0,20239.2,0.0,25.0,0.0,0.0,0.0
2026-03-31 19:55:57.179102,20240,25,0,85,2.558766,,0,0,20240.0,0.0,25.0,20239.6,0.0,25.0,0.0,0.0,0.0
2026-03-31 19:55:59.810939,20240,25,0,85,2.631837,,0,0,20240.0,0.0,25.0,20239.8,0.0,25.0,0.0,0.0,0.0
2026-03-31 19:56:02.369876,20240,25,0,85,2.558937,,0,0,20240.0,0.0,25.0,20240.0,0.0,25.0,0.0,0.0,0.0
2026-03-31 19:56:04.991098,20241,25,0,85,2.621222,,0,0,20240.0,0.0,25.0,20240.2,0.0,25.0,1.0,0.0,0.0
2026-03-31 19:56:07.550798,20242,25,0,85,2.5597,,0,0,20241.0,0.0,25.0,20240.6,0.0,25.0,1.0,0.0,0.0
2026-03-31 19:56:10.180629,20242,25,0,85,2.629831,,0,0,20242.0,0.0,25.0,20241.0,0.0,25.0,0.0,0.0,0.0
2026-03-31 19:56:12.740052,20243,25,0,85,2.559423,,0,0,20242.0,0.0,25.0,20241.6,0.0,25.0,1.0,0.0,0.0
2026-03-31 19:56:15.362156,20243,25,0,85,2.622104,,0,0,20243.0,0.0,25.0,20242.2,0.0,25.0,0.0,0.0,0.0
2026-03-31 19:56:17.922190,20243,25,0,85,2.560034,,0,0,20243.0,0.0,25.0,20242.6,0.0,25.0,0.0,0.0,0.0
2026-03-31 19:56:20.537585,20243,25,0,85,2.615395,,0,0,20243.0,0.0,25.0,20242.8,0.0,25.0,0.0,0.0,0.0
2026-03-31 19:56:23.101640,20244,25,0,85,2.564055,,0,0,20243.0,0.0,25.0,20243.2,0.0,25.0,1.0,0.0,0.0
2026-03-31 19:56:25.719067,20245,25,0,85,2.617427,,0,0,20244.0,0.0,25.0,20243.6,0.0,25.0,1.0,0.0,0.0
2026-03-31 19:56:28.280524,20245,25,0,85,2.561457,,0,0,20245.0,0.0,25.0,20244.0,0.0,25.0,0.0,0.0,0.0
2026-03-31 19:56:30.916113,20245,25,0,85,2.635589,,0,0,20245.0,0.0,25.0,20244.4,0.0,25.0,0.0,0.0,0.0
2026-03-31 19:56:33.478004,20245,25,0,85,2.561891,,0,0,20245.0,0.0,25.0,20244.8,0.0,25.0,0.0,0.0,0.0
2026-03-31 19:56:36.097784,20245,25,0,85,2.61978,,0,0,20245.0,0.0,25.0,20245.0,0.0,25.0,0.0,0.0,0.0
2026-03-31 19:56:38.659051,20245,25,0,85,2.561267,,0,0,20245.0,0.0,25.0,20245.0,0.0,25.0,0.0,0.0,0.0
2026-03-31 19:56:41.291002,20245,25,0,85,2.631951,,0,0,20245.0,0.0,25.0,20245.0,0.0,25.0,0.0,0.0,0.0
2026-03-31 19:56:43.852535,20246,25,0,85,2.561533,,0,0,20245.0,0.0,25.0,20245.2,0.0,25.0,1.0,0.0,0.0
2026-03-31 19:56:46.482275,20246,25,0,85,2.62974,,0,0,20246.0,0.0,25.0,20245.4,0.0,25.0,0.0,0.0,0.0
2026-03-31 19:56:49.044344,20248,25,0,85,2.562069,,0,0,20246.0,0.0,25.0,20246.0,0.0,25.0,2.0,0.0,0.0
2026-03-31 19:56:51.676730,20247,25,0,85,2.632386,,0,0,20248.0,0.0,25.0,20246.4,0.0,25.0,-1.0,0.0,0.0
2026-03-31 19:56:54.239894,20248,25,0,85,2.563164,,0,0,20247.0,0.0,25.0,20247.0,0.0,25.0,1.0,0.0,0.0
2026-03-31 19:56:56.868348,20248,25,0,85,2.628454,,0,0,20248.0,0.0,25.0,20247.4,0.0,25.0,0.0,0.0,0.0
2026-03-31 19:56:59.430794,20248,25,0,85,2.562446,,0,0,20248.0,0.0,25.0,20247.8,0.0,25.0,0.0,0.0,0.0
2026-03-31 19:57:02.065606,20248,25,0,85,2.634812,,0,0,20248.0,0.0,25.0,20247.8,0.0,25.0,0.0,0.0,0.0
2026-03-31 19:57:04.628639,20249,25,0,85,2.563033,,0,0,20248.0,0.0,25.0,20248.2,0.0,25.0,1.0,0.0,0.0
2026-03-31 19:57:07.264582,20249,25,0,85,2.635943,,0,0,20249.0,0.0,25.0,20248.4,0.0,25.0,0.0,0.0,0.0
2026-03-31 19:57:09.828084,20249,25,0,85,2.563502,,0,0,20249.0,0.0,25.0,20248.6,0.0,25.0,0.0,0.0,0.0
2026-03-31 19:57:12.465081,20249,25,0,85,2.636997,,0,0,20249.0,0.0,25.0,20248.8,0.0,25.0,0.0,0.0,0.0
2026-03-31 19:57:15.028709,20249,25,0,85,2.563628,,0,0,20249.0,0.0,25.0,20249.0,0.0,25.0,0.0,0.0,0.0
2026-03-31 19:57:17.669789,20249,25,0,85,2.64108,,0,0,20249.0,0.0,25.0,20249.0,0.0,25.0,0.0,0.0,0.0
2026-03-31 19:57:20.233834,20249,25,0,85,2.564045,,0,0,20249.0,0.0,25.0,20249.0,0.0,25.0,0.0,0.0,0.0
2026-03-31 19:57:22.871176,20249,25,0,85,2.637342,,0,0,20249.0,0.0,25.0,20249.0,0.0,25.0,0.0,0.0,0.0
2026-03-31 19:57:25.435194,20249,25,0,85,2.564018,,0,0,20249.0,0.0,25.0,20249.0,0.0,25.0,0.0,0.0,0.0
2026-03-31 19:57:28.065304,20249,25,0,85,2.63011,,0,0,20249.0,0.0,25.0,20249.0,0.0,25.0,0.0,0.0,0.0
2026-03-31 19:57:30.629892,20249,25,0,85,2.564588,,0,0,20249.0,0.0,25.0,20249.0,0.0,25.0,0.0,0.0,0.0
2026-03-31 19:57:33.254851,20250,25,0,85,2.624959,,0,0,20249.0,0.0,25.0,20249.2,0.0,25.0,1.0,0.0,0.0
2026-03-31 19:57:35.820823,20250,25,1,85,2.565972,854249.0,1,20250,20250.0,0.0,25.0,20249.4,0.2,25.0,0.0,1.0,0.0
2026-03-31 19:57:38.434009,20250,25,1,85,2.613186,854249.0,1,20250,20250.0,1.0,25.0,20249.6,0.4,25.0,0.0,0.0,0.0
2026-03-31 19:57:40.999275,20250,25,1,85,2.565266,854249.0,1,20250,20250.0,1.0,25.0,20249.8,0.6,25.0,0.0,0.0,0.0
2026-03-31 19:57:43.639361,20250,25,0,85,2.640086,,0,0,20250.0,1.0,25.0,20250.0,0.6,25.0,0.0,-1.0,0.0
2026-03-31 19:57:46.204681,20252,25,0,85,2.56532,,0,0,20250.0,0.0,25.0,20250.4,0.6,25.0,2.0,0.0,0.0
2026-03-31 19:57:48.840707,20252,25,0,85,2.636026,,0,0,20252.0,0.0,25.0,20250.8,0.4,25.0,0.0,0.0,0.0
2026-03-31 19:57:51.406996,20250,25,0,85,2.566289,,0,0,20252.0,0.0,25.0,20250.8,0.2,25.0,-2.0,0.0,0.0
2026-03-31 19:57:54.048265,20251,25,0,85,2.641269,,0,0,20250.0,0.0,25.0,20251.0,0.0,25.0,1.0,0.0,0.0
2026-03-31 19:57:56.614956,20251,25,0,85,2.566691,,0,0,20251.0,0.0,25.0,20251.2,0.0,25.0,0.0,0.0,0.0
2026-03-31 19:57:59.251626,20252,25,0,85,2.63667,,0,0,20251.0,0.0,25.0,20251.2,0.0,25.0,1.0,0.0,0.0
2026-03-31 19:58:01.819301,20251,25,0,85,2.567675,,0,0,20252.0,0.0,25.0,20251.0,0.0,25.0,-1.0,0.0,0.0
2026-03-31 19:58:04.459026,20251,25,0,85,2.639725,,0,0,20251.0,0.0,25.0,20251.2,0.0,25.0,0.0,0.0,0.0
2026-03-31 19:58:07.026103,20251,25,0,85,2.567077,,0,0,20251.0,0.0,25.0,20251.2,0.0,25.0,0.0,0.0,0.0
2026-03-31 19:58:09.667269,20252,25,0,85,2.641166,,0,0,20251.0,0.0,25.0,20251.4,0.0,25.0,1.0,0.0,0.0
2026-03-31 19:58:12.234530,20251,25,0,85,2.567261,,0,0,20252.0,0.0,25.0,20251.2,0.0,25.0,-1.0,0.0,0.0
2026-03-31 19:58:14.873506,20252,25,0,85,2.638976,,0,0,20251.0,0.0,25.0,20251.4,0.0,25.0,1.0,0.0,0.0
2026-03-31 19:58:17.440991,20251,25,0,85,2.567485,,0,0,20252.0,0.0,25.0,20251.4,0.0,25.0,-1.0,0.0,0.0
2026-03-31 19:58:20.083275,20252,25,0,85,2.642284,,0,0,20251.0,0.0,25.0,20251.6,0.0,25.0,1.0,0.0,0.0
2026-03-31 19:58:22.651193,20252,25,0,85,2.567918,,0,0,20252.0,0.0,25.0,20251.6,0.0,25.0,0.0,0.0,0.0
2026-03-31 19:58:25.281983,20252,25,0,85,2.63079,,0,0,20252.0,0.0,25.0,20251.8,0.0,25.0,0.0,0.0,0.0
2026-03-31 19:58:27.853877,20254,25,0,85,2.571894,,0,0,20252.0,0.0,25.0,20252.2,0.0,25.0,2.0,0.0,0.0
2026-03-31 19:58:30.498160,20252,25,0,85,2.644283,,0,0,20254.0,0.0,25.0,20252.4,0.0,25.0,-2.0,0.0,0.0
2026-03-31 19:58:33.066529,20254,25,0,85,2.568369,,0,0,20252.0,0.0,25.0,20252.8,0.0,25.0,2.0,0.0,0.0
2026-03-31 19:58:35.700440,20252,25,0,85,2.633911,,0,0,20254.0,0.0,25.0,20252.8,0.0,25.0,-2.0,0.0,0.0
2026-03-31 19:58:38.268540,20254,25,0,85,2.5681,,0,0,20252.0,0.0,25.0,20253.2,0.0,25.0,2.0,0.0,0.0
2026-03-31 19:58:40.901122,20254,25,0,85,2.632582,,0,0,20254.0,0.0,25.0,20253.2,0.0,25.0,0.0,0.0,0.0
2026-03-31 19:58:43.470128,20254,25,0,85,2.569006,,0,0,20254.0,0.0,25.0,20253.6,0.0,25.0,0.0,0.0,0.0
2026-03-31 19:58:46.101545,20254,25,0,85,2.631417,,0,0,20254.0,0.0,25.0,20253.6,0.0,25.0,0.0,0.0,0.0
2026-03-31 19:58:48.671517,20254,25,0,85,2.569972,,0,0,20254.0,0.0,25.0,20254.0,0.0,25.0,0.0,0.0,0.0
2026-03-31 19:58:51.304571,20255,25,0,85,2.633054,,0,0,20254.0,0.0,25.0,20254.2,0.0,25.0,1.0,0.0,0.0
2026-03-31 19:58:53.875205,20254,25,1,85,2.570634,854249.0,1,20254,20255.0,0.0,25.0,20254.2,0.2,25.0,-1.0,1.0,0.0
2026-03-31 19:58:56.504759,20254,25,0,85,2.629554,,0,0,20254.0,1.0,25.0,20254.2,0.2,25.0,0.0,-1.0,0.0
2026-03-31 19:58:59.074579,20255,25,1,85,2.56982,854249.0,1,20255,20254.0,0.0,25.0,20254.4,0.4,25.0,1.0,1.0,0.0
2026-03-31 19:59:01.705369,20255,25,1,85,2.63079,854249.0,1,20255,20255.0,1.0,25.0,20254.6,0.6,25.0,0.0,0.0,0.0
2026-03-31 19:59:04.276608,20255,25,1,85,2.571239,854249.0,1,20255,20255.0,1.0,25.0,20254.6,0.8,25.0,0.0,0.0,0.0
2026-03-31 19:59:06.907893,20255,25,1,85,2.631285,854249.0,1,20255,20255.0,1.0,25.0,20254.8,0.8,25.0,0.0,0.0,0.0
2026-03-31 19:59:09.478792,20255,25,0,85,2.570899,,0,0,20255.0,1.0,25.0,20255.0,0.8,25.0,0.0,-1.0,0.0
2026-03-31 19:59:12.112417,20254,25,0,85,2.633625,,0,0,20255.0,0.0,25.0,20254.8,0.6,25.0,-1.0,0.0,0.0
2026-03-31 19:59:14.683464,20255,25,0,85,2.571047,,0,0,20254.0,0.0,25.0,20254.8,0.4,25.0,1.0,0.0,0.0
2026-03-31 19:59:17.325218,20255,25,0,85,2.641754,,0,0,20255.0,0.0,25.0,20254.8,0.2,25.0,0.0,0.0,0.0
2026-03-31 19:59:19.897760,20254,25,0,85,2.572542,,0,0,20255.0,0.0,25.0,20254.6,0.0,25.0,-1.0,0.0,0.0
2026-03-31 19:59:22.534028,20255,25,0,85,2.636268,,0,0,20254.0,0.0,25.0,20254.6,0.0,25.0,1.0,0.0,0.0
2026-03-31 19:59:25.105756,20255,25,0,85,2.571728,,0,0,20255.0,0.0,25.0,20254.8,0.0,25.0,0.0,0.0,0.0
2026-03-31 19:59:27.749324,20255,25,0,85,2.643568,,0,0,20255.0,0.0,25.0,20254.8,0.0,25.0,0.0,0.0,0.0
2026-03-31 19:59:30.322615,20256,25,0,85,2.573291,,0,0,20255.0,0.0,25.0,20255.0,0.0,25.0,1.0,0.0,0.0
2026-03-31 19:59:32.966145,20255,25,0,85,2.64353,,0,0,20256.0,0.0,25.0,20255.2,0.0,25.0,-1.0,0.0,0.0
2026-03-31 19:59:35.538932,20255,25,0,85,2.572787,,0,0,20255.0,0.0,25.0,20255.2,0.0,25.0,0.0,0.0,0.0
2026-03-31 19:59:38.182181,20256,25,0,85,2.643249,,0,0,20255.0,0.0,25.0,20255.4,0.0,25.0,1.0,0.0,0.0
2026-03-31 19:59:40.754799,20256,25,1,85,2.572618,854249.0,1,20256,20256.0,0.0,25.0,20255.6,0.2,25.0,0.0,1.0,0.0
2026-03-31 19:59:43.395696,20256,25,0,85,2.640897,,0,0,20256.0,1.0,25.0,20255.6,0.2,25.0,0.0,-1.0,0.0
2026-03-31 19:59:45.968589,20255,25,0,85,2.572893,,0,0,20256.0,0.0,25.0,20255.6,0.2,25.0,-1.0,0.0,0.0
2026-03-31 19:59:48.607781,20255,25,0,85,2.639192,,0,0,20255.0,0.0,25.0,20255.6,0.2,25.0,0.0,0.0,0.0
2026-03-31 19:59:51.186293,20256,25,0,85,2.578512,,0,0,20255.0,0.0,25.0,20255.6,0.2,25.0,1.0,0.0,0.0
2026-03-31 19:59:53.818007,20256,25,0,85,2.631714,,0,0,20256.0,0.0,25.0,20255.6,0.0,25.0,0.0,0.0,0.0
2026-03-31 19:59:56.392626,20258,25,0,85,2.574619,,0,0,20256.0,0.0,25.0,20256.0,0.0,25.0,2.0,0.0,0.0
2026-03-31 19:59:59.033403,20256,25,0,85,2.640777,,0,0,20258.0,0.0,25.0,20256.2,0.0,25.0,-2.0,0.0,0.0
2026-03-31 20:00:01.608062,20257,25,0,85,2.574659,,0,0,20256.0,0.0,25.0,20256.6,0.0,25.0,1.0,0.0,0.0
2026-03-31 20:00:04.252670,20256,25,0,85,2.644608,,0,0,20257.0,0.0,25.0,20256.6,0.0,25.0,-1.0,0.0,0.0
2026-03-31 20:00:06.827662,20257,25,0,85,2.574992,,0,0,20256.0,0.0,25.0,20256.8,0.0,25.0,1.0,0.0,0.0
2026-03-31 20:00:09.477668,20255,25,0,85,2.650006,,0,0,20257.0,0.0,25.0,20256.2,0.0,25.0,-2.0,0.0,0.0
2026-03-31 20:00:12.056183,20256,25,0,85,2.578515,,0,0,20255.0,0.0,25.0,20256.2,0.0,25.0,1.0,0.0,0.0
2026-03-31 20:00:14.693193,20255,25,0,85,2.63701,,0,0,20256.0,0.0,25.0,20255.8,0.0,25.0,-1.0,0.0,0.0
2026-03-31 20:00:17.268160,20256,25,0,85,2.574967,,0,0,20255.0,0.0,25.0,20255.8,0.0,25.0,1.0,0.0,0.0
2026-03-31 20:00:19.906689,20256,25,0,85,2.638529,,0,0,20256.0,0.0,25.0,20255.6,0.0,25.0,0.0,0.0,0.0
2026-03-31 20:00:22.482785,20256,25,0,85,2.576096,,0,0,20256.0,0.0,25.0,20255.8,0.0,25.0,0.0,0.0,0.0
2026-03-31 20:00:25.112191,20256,25,0,85,2.629406,,0,0,20256.0,0.0,25.0,20255.8,0.0,25.0,0.0,0.0,0.0
2026-03-31 20:00:27.689055,20257,25,0,85,2.576864,,0,0,20256.0,0.0,25.0,20256.2,0.0,25.0,1.0,0.0,0.0
2026-03-31 20:00:30.321881,20257,25,0,85,2.632826,,0,0,20257.0,0.0,25.0,20256.4,0.0,25.0,0.0,0.0,0.0
2026-03-31 20:00:32.898922,20257,25,0,85,2.577041,,0,0,20257.0,0.0,25.0,20256.6,0.0,25.0,0.0,0.0,0.0
2026-03-31 20:00:35.525841,20257,25,0,85,2.626919,,0,0,20257.0,0.0,25.0,20256.8,0.0,25.0,0.0,0.0,0.0
2026-03-31 20:00:38.102369,20257,25,0,85,2.576528,,0,0,20257.0,0.0,25.0,20257.0,0.0,25.0,0.0,0.0,0.0
2026-03-31 20:00:40.731338,20257,25,0,85,2.628969,,0,0,20257.0,0.0,25.0,20257.0,0.0,25.0,0.0,0.0,0.0
2026-03-31 20:00:43.308784,20257,25,0,85,2.577446,,0,0,20257.0,0.0,25.0,20257.0,0.0,25.0,0.0,0.0,0.0
2026-03-31 20:00:45.960532,20256,25,0,85,2.651748,,0,0,20257.0,0.0,25.0,20256.8,0.0,25.0,-1.0,0.0,0.0
2026-03-31 20:00:48.541300,20256,25,0,85,2.580768,,0,0,20256.0,0.0,25.0,20256.6,0.0,25.0,0.0,0.0,0.0
2026-03-31 20:00:51.193130,20256,25,0,85,2.65183,,0,0,20256.0,0.0,25.0,20256.4,0.0,25.0,0.0,0.0,0.0
2026-03-31 20:00:53.772274,20256,25,0,85,2.579144,,0,0,20256.0,0.0,25.0,20256.2,0.0,25.0,0.0,0.0,0.0
2026-03-31 20:00:56.407834,20258,25,0,85,2.63556,,0,0,20256.0,0.0,25.0,20256.4,0.0,25.0,2.0,0.0,0.0
2026-03-31 20:00:58.985715,20257,25,0,85,2.577881,,0,0,20258.0,0.0,25.0,20256.6,0.0,25.0,-1.0,0.0,0.0
2026-03-31 20:01:01.615914,20257,25,0,85,2.630199,,0,0,20257.0,0.0,25.0,20256.8,0.0,25.0,0.0,0.0,0.0
2026-03-31 20:01:04.193746,20257,25,0,85,2.577832,,0,0,20257.0,0.0,25.0,20257.0,0.0,25.0,0.0,0.0,0.0
2026-03-31 20:01:06.819682,20258,25,0,85,2.625936,,0,0,20257.0,0.0,25.0,20257.4,0.0,25.0,1.0,0.0,0.0
2026-03-31 20:01:09.398656,20256,25,0,85,2.578974,,0,0,20258.0,0.0,25.0,20257.0,0.0,25.0,-2.0,0.0,0.0
2026-03-31 20:01:12.030229,20257,25,0,85,2.631573,,0,0,20256.0,0.0,25.0,20257.0,0.0,25.0,1.0,0.0,0.0
2026-03-31 20:01:14.609594,20256,25,0,85,2.579365,,0,0,20257.0,0.0,25.0,20256.8,0.0,25.0,-1.0,0.0,0.0
2026-03-31 20:01:17.260589,20257,25,0,85,2.650995,,0,0,20256.0,0.0,25.0,20256.8,0.0,25.0,1.0,0.0,0.0
2026-03-31 20:01:19.839636,20257,25,0,85,2.579047,,0,0,20257.0,0.0,25.0,20256.6,0.0,25.0,0.0,0.0,0.0
2026-03-31 20:01:22.481649,20257,25,0,85,2.642013,,0,0,20257.0,0.0,25.0,20256.8,0.0,25.0,0.0,0.0,0.0
2026-03-31 20:01:25.060896,20258,25,0,85,2.579247,,0,0,20257.0,0.0,25.0,20257.0,0.0,25.0,1.0,0.0,0.0
2026-03-31 20:01:27.708834,20258,25,0,85,2.647938,,0,0,20258.0,0.0,25.0,20257.4,0.0,25.0,0.0,0.0,0.0
2026-03-31 20:01:30.289056,20258,25,0,85,2.580222,,0,0,20258.0,0.0,25.0,20257.6,0.0,25.0,0.0,0.0,0.0
2026-03-31 20:01:32.920053,20257,25,0,85,2.630997,,0,0,20258.0,0.0,25.0,20257.6,0.0,25.0,-1.0,0.0,0.0
2026-03-31 20:01:35.499906,20257,25,0,85,2.579853,,0,0,20257.0,0.0,25.0,20257.6,0.0,25.0,0.0,0.0,0.0
2026-03-31 20:01:38.123200,20258,25,0,85,2.623294,,0,0,20257.0,0.0,25.0,20257.6,0.0,25.0,1.0,0.0,0.0
2026-03-31 20:01:40.703427,20258,25,0,85,2.580227,,0,0,20258.0,0.0,25.0,20257.6,0.0,25.0,0.0,0.0,0.0
2026-03-31 20:01:43.354674,20258,25,0,85,2.651247,,0,0,20258.0,0.0,25.0,20257.6,0.0,25.0,0.0,0.0,0.0
2026-03-31 20:01:45.935702,20259,25,0,85,2.581028,,0,0,20258.0,0.0,25.0,20258.0,0.0,25.0,1.0,0.0,0.0
2026-03-31 20:01:48.589644,20259,25,0,85,2.653942,,0,0,20259.0,0.0,25.0,20258.4,0.0,25.0,0.0,0.0,0.0
2026-03-31 20:01:51.170768,20258,25,0,85,2.581124,,0,0,20259.0,0.0,25.0,20258.4,0.0,25.0,-1.0,0.0,0.0
2026-03-31 20:01:53.813162,20260,25,0,85,2.642394,,0,0,20258.0,0.0,25.0,20258.8,0.0,25.0,2.0,0.0,0.0
2026-03-31 20:01:56.394751,20258,25,0,85,2.581589,,0,0,20260.0,0.0,25.0,20258.8,0.0,25.0,-2.0,0.0,0.0
2026-03-31 20:01:59.022227,20258,25,1,85,2.627476,854249.0,1,20258,20258.0,0.0,25.0,20258.6,0.2,25.0,0.0,1.0,0.0
2026-03-31 20:02:01.603469,20257,25,1,85,2.581242,854249.0,1,20257,20258.0,1.0,25.0,20258.2,0.4,25.0,-1.0,0.0,0.0
2026-03-31 20:02:04.250454,20258,25,0,85,2.646985,,0,0,20257.0,1.0,25.0,20258.2,0.4,25.0,1.0,-1.0,0.0
2026-03-31 20:02:06.832027,20259,25,1,85,2.581573,854249.0,1,20259,20258.0,0.0,25.0,20258.0,0.6,25.0,1.0,1.0,0.0
2026-03-31 20:02:09.489870,20258,25,1,85,2.657843,854249.0,1,20258,20259.0,1.0,25.0,20258.0,0.8,25.0,-1.0,0.0,0.0
2026-03-31 20:02:12.072217,20258,25,0,85,2.582347,,0,0,20258.0,1.0,25.0,20258.0,0.6,25.0,0.0,-1.0,0.0
2026-03-31 20:02:14.728588,20258,25,1,85,2.656371,854249.0,1,20258,20258.0,0.0,25.0,20258.2,0.6,25.0,0.0,1.0,0.0
2026-03-31 20:02:17.311328,20258,25,1,85,2.58274,854249.0,1,20258,20258.0,1.0,25.0,20258.2,0.8,25.0,0.0,0.0,0.0
2026-03-31 20:02:19.968558,20258,25,0,85,2.65723,,0,0,20258.0,1.0,25.0,20258.0,0.6,25.0,0.0,-1.0,0.0
2026-03-31 20:02:22.551871,20258,25,0,85,2.583313,,0,0,20258.0,0.0,25.0,20258.0,0.4,25.0,0.0,0.0,0.0
2026-03-31 20:02:25.210692,20257,25,0,85,2.658821,,0,0,20258.0,0.0,25.0,20257.8,0.4,25.0,-1.0,0.0,0.0
2026-03-31 20:02:27.796618,20258,25,0,85,2.585926,,0,0,20257.0,0.0,25.0,20257.8,0.2,25.0,1.0,0.0,0.0
2026-03-31 20:02:30.422842,20258,25,0,85,2.626224,,0,0,20258.0,0.0,25.0,20257.8,0.0,25.0,0.0,0.0,0.0
2026-03-31 20:02:33.006102,20257,25,0,85,2.58326,,0,0,20258.0,0.0,25.0,20257.6,0.0,25.0,-1.0,0.0,0.0
2026-03-31 20:02:35.664187,20258,25,0,85,2.658085,,0,0,20257.0,0.0,25.0,20257.6,0.0,25.0,1.0,0.0,0.0
2026-03-31 20:02:38.247891,20258,25,1,85,2.583704,854249.0,1,20258,20258.0,0.0,25.0,20257.8,0.2,25.0,0.0,1.0,0.0
2026-03-31 20:02:40.908972,20258,25,1,85,2.661081,854249.0,1,20258,20258.0,1.0,25.0,20257.8,0.4,25.0,0.0,0.0,0.0
2026-03-31 20:02:43.493264,20259,25,1,85,2.584292,854249.0,1,20259,20258.0,1.0,25.0,20258.0,0.6,25.0,1.0,0.0,0.0
2026-03-31 20:02:46.144123,20258,25,0,85,2.650859,,0,0,20259.0,1.0,25.0,20258.2,0.6,25.0,-1.0,-1.0,0.0
2026-03-31 20:02:48.728019,20257,25,0,85,2.583896,,0,0,20258.0,0.0,25.0,20258.0,0.6,25.0,-1.0,0.0,0.0
2026-03-31 20:02:51.378230,20258,25,0,85,2.650211,,0,0,20257.0,0.0,25.0,20258.0,0.4,25.0,1.0,0.0,0.0
2026-03-31 20:02:53.963008,20258,25,0,85,2.584778,,0,0,20258.0,0.0,25.0,20258.0,0.2,25.0,0.0,0.0,0.0
2026-03-31 20:02:56.615123,20259,25,0,85,2.652115,,0,0,20258.0,0.0,25.0,20258.0,0.0,25.0,1.0,0.0,0.0
2026-03-31 20:02:59.200111,20258,25,0,85,2.584988,,0,0,20259.0,0.0,25.0,20258.0,0.0,25.0,-1.0,0.0,0.0
2026-03-31 20:03:01.828049,20258,25,0,85,2.627938,,0,0,20258.0,0.0,25.0,20258.2,0.0,25.0,0.0,0.0,0.0
2026-03-31 20:03:04.413666,20258,25,0,85,2.585617,,0,0,20258.0,0.0,25.0,20258.2,0.0,25.0,0.0,0.0,0.0
2026-03-31 20:03:07.052198,20260,25,0,85,2.638532,,0,0,20258.0,0.0,25.0,20258.6,0.0,25.0,2.0,0.0,0.0
2026-03-31 20:03:09.638134,20258,25,0,85,2.585936,,0,0,20260.0,0.0,25.0,20258.4,0.0,25.0,-2.0,0.0,0.0
2026-03-31 20:03:12.264155,20260,25,0,85,2.626021,,0,0,20258.0,0.0,25.0,20258.8,0.0,25.0,2.0,0.0,0.0
2026-03-31 20:03:14.850199,20259,25,0,85,2.586044,,0,0,20260.0,0.0,25.0,20259.0,0.0,25.0,-1.0,0.0,0.0
2026-03-31 20:03:17.497289,20260,25,0,85,2.64709,,0,0,20259.0,0.0,25.0,20259.4,0.0,25.0,1.0,0.0,0.0
2026-03-31 20:03:20.083396,20260,25,0,85,2.586107,,0,0,20260.0,0.0,25.0,20259.4,0.0,25.0,0.0,0.0,0.0
2026-03-31 20:03:22.723988,20258,25,0,85,2.640592,,0,0,20260.0,0.0,25.0,20259.4,0.0,25.0,-2.0,0.0,0.0
2026-03-31 20:03:25.311133,20258,25,0,85,2.587145,,0,0,20258.0,0.0,25.0,20259.0,0.0,25.0,0.0,0.0,0.0
2026-03-31 20:03:27.979006,20259,25,0,85,2.667873,,0,0,20258.0,0.0,25.0,20259.0,0.0,25.0,1.0,0.0,0.0
2026-03-31 20:03:30.566114,20259,25,0,85,2.587108,,0,0,20259.0,0.0,25.0,20258.8,0.0,25.0,0.0,0.0,0.0
2026-03-31 20:03:33.226163,20259,25,0,85,2.660049,,0,0,20259.0,0.0,25.0,20258.6,0.0,25.0,0.0,0.0,0.0
2026-03-31 20:03:35.813278,20259,25,0,85,2.587115,,0,0,20259.0,0.0,25.0,20258.8,0.0,25.0,0.0,0.0,0.0
2026-03-31 20:03:38.469139,20258,25,0,85,2.655861,,0,0,20259.0,0.0,25.0,20258.8,0.0,25.0,-1.0,0.0,0.0
2026-03-31 20:03:41.056587,20259,25,0,85,2.587448,,0,0,20258.0,0.0,25.0,20258.8,0.0,25.0,1.0,0.0,0.0
2026-03-31 20:03:43.716626,20260,25,0,85,2.660039,,0,0,20259.0,0.0,25.0,20259.0,0.0,25.0,1.0,0.0,0.0
2026-03-31 20:03:46.305977,20260,25,0,85,2.589351,,0,0,20260.0,0.0,25.0,20259.2,0.0,25.0,0.0,0.0,0.0
2026-03-31 20:03:48.968173,20258,25,1,85,2.662196,854249.0,1,20258,20260.0,0.0,25.0,20259.0,0.2,25.0,-2.0,1.0,0.0
2026-03-31 20:03:51.556014,20259,25,0,85,2.587841,,0,0,20258.0,1.0,25.0,20259.2,0.2,25.0,1.0,-1.0,0.0
2026-03-31 20:03:54.215845,20258,25,1,85,2.659831,854249.0,1,20258,20259.0,0.0,25.0,20259.0,0.4,25.0,-1.0,1.0,0.0
2026-03-31 20:03:56.804534,20259,25,1,85,2.588689,854249.0,1,20259,20258.0,1.0,25.0,20258.8,0.6,25.0,1.0,0.0,0.0
2026-03-31 20:03:59.430759,20260,25,0,85,2.626225,,0,0,20259.0,1.0,25.0,20258.8,0.6,25.0,1.0,-1.0,0.0
2026-03-31 20:04:02.020153,20260,25,1,85,2.589394,854249.0,1,20260,20260.0,0.0,25.0,20259.2,0.6,25.0,0.0,1.0,0.0
2026-03-31 20:04:04.678112,20260,25,1,85,2.657959,854249.0,1,20260,20260.0,1.0,25.0,20259.4,0.8,25.0,0.0,0.0,0.0
2026-03-31 20:04:07.267521,20259,25,0,85,2.589409,,0,0,20260.0,1.0,25.0,20259.6,0.6,25.0,-1.0,-1.0,0.0
2026-03-31 20:04:09.909158,20261,25,0,85,2.641637,,0,0,20259.0,0.0,25.0,20260.0,0.4,25.0,2.0,0.0,0.0
2026-03-31 20:04:12.499163,20260,25,0,85,2.590005,,0,0,20261.0,0.0,25.0,20260.0,0.4,25.0,-1.0,0.0,0.0
2026-03-31 20:04:15.132254,20258,25,0,85,2.633091,,0,0,20260.0,0.0,25.0,20259.6,0.2,25.0,-2.0,0.0,0.0
2026-03-31 20:04:17.722268,20260,25,0,85,2.590014,,0,0,20258.0,0.0,25.0,20259.6,0.0,25.0,2.0,0.0,0.0
2026-03-31 20:04:20.380116,20259,25,0,85,2.657848,,0,0,20260.0,0.0,25.0,20259.6,0.0,25.0,-1.0,0.0,0.0
2026-03-31 20:04:22.969782,20260,25,0,85,2.589666,,0,0,20259.0,0.0,25.0,20259.4,0.0,25.0,1.0,0.0,0.0
2026-03-31 20:04:25.626769,20260,25,0,85,2.656987,,0,0,20260.0,0.0,25.0,20259.4,0.0,25.0,0.0,0.0,0.0
2026-03-31 20:04:28.216754,20261,25,0,85,2.589985,,0,0,20260.0,0.0,25.0,20260.0,0.0,25.0,1.0,0.0,0.0
2026-03-31 20:04:30.881273,20260,25,0,85,2.664519,,0,0,20261.0,0.0,25.0,20260.0,0.0,25.0,-1.0,0.0,0.0
2026-03-31 20:04:33.472541,20260,25,0,85,2.591268,,0,0,20260.0,0.0,25.0,20260.2,0.0,25.0,0.0,0.0,0.0
2026-03-31 20:04:36.123865,20260,25,0,85,2.651324,,0,0,20260.0,0.0,25.0,20260.2,0.0,25.0,0.0,0.0,0.0
2026-03-31 20:04:38.715022,20260,25,0,85,2.591157,,0,0,20260.0,0.0,25.0,20260.2,0.0,25.0,0.0,0.0,0.0
2026-03-31 20:04:41.370276,20261,25,0,85,2.655254,,0,0,20260.0,0.0,25.0,20260.2,0.0,25.0,1.0,0.0,0.0
2026-03-31 20:04:43.961572,20259,25,0,85,2.591296,,0,0,20261.0,0.0,25.0,20260.0,0.0,25.0,-2.0,0.0,0.0
2026-03-31 20:04:46.622610,20260,25,0,85,2.661038,,0,0,20259.0,0.0,25.0,20260.0,0.0,25.0,1.0,0.0,0.0
2026-03-31 20:04:49.214001,20259,25,0,85,2.591391,,0,0,20260.0,0.0,25.0,20259.8,0.0,25.0,-1.0,0.0,0.0
2026-03-31 20:04:51.887354,20261,25,0,85,2.673353,,0,0,20259.0,0.0,25.0,20260.0,0.0,25.0,2.0,0.0,0.0
2026-03-31 20:04:54.479437,20261,25,0,85,2.592083,,0,0,20261.0,0.0,25.0,20260.0,0.0,25.0,0.0,0.0,0.0
2026-03-31 20:04:57.143840,20261,25,0,85,2.664403,,0,0,20261.0,0.0,25.0,20260.4,0.0,25.0,0.0,0.0,0.0
2026-03-31 20:04:59.735778,20260,25,0,85,2.591938,,0,0,20261.0,0.0,25.0,20260.4,0.0,25.0,-1.0,0.0,0.0
2026-03-31 20:05:02.387121,20260,25,0,85,2.651343,,0,0,20260.0,0.0,25.0,20260.6,0.0,25.0,0.0,0.0,0.0
2026-03-31 20:05:04.979698,20259,25,0,85,2.592577,,0,0,20260.0,0.0,25.0,20260.2,0.0,25.0,-1.0,0.0,0.0
2026-03-31 20:05:07.628514,20261,25,0,85,2.648816,,0,0,20259.0,0.0,25.0,20260.2,0.0,25.0,2.0,0.0,0.0
2026-03-31 20:05:10.221077,20260,25,0,85,2.592563,,0,0,20261.0,0.0,25.0,20260.0,0.0,25.0,-1.0,0.0,0.0
2026-03-31 20:05:12.885571,20260,25,0,85,2.664494,,0,0,20260.0,0.0,25.0,20260.0,0.0,25.0,0.0,0.0,0.0
2026-03-31 20:05:15.478713,20259,25,0,85,2.593142,,0,0,20260.0,0.0,25.0,20259.8,0.0,25.0,-1.0,0.0,0.0
2026-03-31 20:05:18.135446,20261,25,0,85,2.656733,,0,0,20259.0,0.0,25.0,20260.2,0.0,25.0,2.0,0.0,0.0
2026-03-31 20:05:20.728675,20261,25,0,85,2.593229,,0,0,20261.0,0.0,25.0,20260.2,0.0,25.0,0.0,0.0,0.0
2026-03-31 20:05:23.360313,20261,25,0,85,2.631638,,0,0,20261.0,0.0,25.0,20260.4,0.0,25.0,0.0,0.0,0.0
2026-03-31 20:05:25.954083,20261,25,0,85,2.59377,,0,0,20261.0,0.0,25.0,20260.6,0.0,25.0,0.0,0.0,0.0
2026-03-31 20:05:28.622601,20260,25,0,85,2.668518,,0,0,20261.0,0.0,25.0,20260.8,0.0,25.0,-1.0,0.0,0.0
2026-03-31 20:05:31.217014,20261,25,0,85,2.594413,,0,0,20260.0,0.0,25.0,20260.8,0.0,25.0,1.0,0.0,0.0
2026-03-31 20:05:33.886912,20261,25,0,85,2.669898,,0,0,20261.0,0.0,25.0,20260.8,0.0,25.0,0.0,0.0,0.0
2026-03-31 20:05:36.481561,20260,25,0,85,2.594649,,0,0,20261.0,0.0,25.0,20260.6,0.0,25.0,-1.0,0.0,0.0
2026-03-31 20:05:39.131542,20261,25,0,85,2.649981,,0,0,20260.0,0.0,25.0,20260.6,0.0,25.0,1.0,0.0,0.0
2026-03-31 20:05:41.727021,20261,25,0,85,2.595479,,0,0,20261.0,0.0,25.0,20260.8,0.0,25.0,0.0,0.0,0.0
2026-03-31 20:05:44.387826,20260,25,0,85,2.660805,,0,0,20261.0,0.0,25.0,20260.6,0.0,25.0,-1.0,0.0,0.0
2026-03-31 20:05:46.983453,20261,25,0,85,2.595627,,0,0,20260.0,0.0,25.0,20260.6,0.0,25.0,1.0,0.0,0.0
2026-03-31 20:05:49.638060,20261,25,0,85,2.654607,,0,0,20261.0,0.0,25.0,20260.8,0.0,25.0,0.0,0.0,0.0
2026-03-31 20:05:52.233617,20261,25,0,85,2.595557,,0,0,20261.0,0.0,25.0,20260.8,0.0,25.0,0.0,0.0,0.0
2026-03-31 20:05:54.907768,20261,25,0,85,2.674151,,0,0,20261.0,0.0,25.0,20260.8,0.0,25.0,0.0,0.0,0.0
2026-03-31 20:05:57.504582,20261,25,0,85,2.596814,,0,0,20261.0,0.0,25.0,20261.0,0.0,25.0,0.0,0.0,0.0
2026-03-31 20:06:00.171547,20262,25,0,85,2.666965,,0,0,20261.0,0.0,25.0,20261.2,0.0,25.0,1.0,0.0,0.0
2026-03-31 20:06:02.769810,20260,25,1,85,2.598263,854249.0,1,20260,20262.0,0.0,25.0,20261.0,0.2,25.0,-2.0,1.0,0.0
2026-03-31 20:06:05.426748,20260,25,1,85,2.656938,854249.0,1,20260,20260.0,1.0,25.0,20260.8,0.4,25.0,0.0,0.0,0.0
2026-03-31 20:06:08.023572,20261,25,1,85,2.596824,854249.0,1,20261,20260.0,1.0,25.0,20260.8,0.6,25.0,1.0,0.0,0.0
2026-03-31 20:06:10.706500,20261,25,1,85,2.682928,854249.0,1,20261,20261.0,1.0,25.0,20260.8,0.8,25.0,0.0,0.0,0.0
2026-03-31 20:06:13.305208,20261,25,0,85,2.598708,,0,0,20261.0,1.0,25.0,20260.6,0.8,25.0,0.0,-1.0,0.0
2026-03-31 20:06:15.948767,20261,25,0,85,2.643559,,0,0,20261.0,0.0,25.0,20260.8,0.6,25.0,0.0,0.0,0.0
2026-03-31 20:06:18.546709,20260,25,1,85,2.597942,854249.0,1,20260,20261.0,0.0,25.0,20260.8,0.6,25.0,-1.0,1.0,0.0
2026-03-31 20:06:21.218585,20262,25,0,85,2.671876,,0,0,20260.0,1.0,25.0,20261.0,0.4,25.0,2.0,-1.0,0.0
2026-03-31 20:06:23.817251,20261,25,1,85,2.598666,854249.0,1,20261,20262.0,0.0,25.0,20261.0,0.4,25.0,-1.0,1.0,0.0
2026-03-31 20:06:26.482093,20262,25,1,85,2.664842,854249.0,1,20262,20261.0,1.0,25.0,20261.2,0.6,25.0,1.0,0.0,0.0
2026-03-31 20:06:29.081024,20261,25,0,85,2.598931,,0,0,20262.0,1.0,25.0,20261.2,0.6,25.0,-1.0,-1.0,0.0
2026-03-31 20:06:31.740749,20261,25,0,85,2.659725,,0,0,20261.0,0.0,25.0,20261.4,0.4,25.0,0.0,0.0,0.0
2026-03-31 20:06:34.341093,20261,25,0,85,2.600344,,0,0,20261.0,0.0,25.0,20261.2,0.4,25.0,0.0,0.0,0.0
2026-03-31 20:06:37.015768,20261,25,0,85,2.674675,,0,0,20261.0,0.0,25.0,20261.2,0.2,25.0,0.0,0.0,0.0
2026-03-31 20:06:39.615868,20261,25,0,85,2.6001,,0,0,20261.0,0.0,25.0,20261.0,0.0,25.0,0.0,0.0,0.0
2026-03-31 20:06:42.290477,20261,25,0,85,2.674609,,0,0,20261.0,0.0,25.0,20261.0,0.0,25.0,0.0,0.0,0.0
2026-03-31 20:06:44.890749,20261,25,0,85,2.600272,,0,0,20261.0,0.0,25.0,20261.0,0.0,25.0,0.0,0.0,0.0
2026-03-31 20:06:47.537460,20260,25,0,85,2.646711,,0,0,20261.0,0.0,25.0,20260.8,0.0,25.0,-1.0,0.0,0.0
2026-03-31 20:06:50.137025,20261,25,0,85,2.599565,,0,0,20260.0,0.0,25.0,20260.8,0.0,25.0,1.0,0.0,0.0
2026-03-31 20:06:52.809344,20261,25,0,85,2.672319,,0,0,20261.0,0.0,25.0,20260.8,0.0,25.0,0.0,0.0,0.0
2026-03-31 20:06:55.410260,20261,25,0,85,2.600916,,0,0,20261.0,0.0,25.0,20260.8,0.0,25.0,0.0,0.0,0.0
2026-03-31 20:06:58.089178,20260,25,0,85,2.678918,,0,0,20261.0,0.0,25.0,20260.6,0.0,25.0,-1.0,0.0,0.0
2026-03-31 20:07:00.690429,20261,25,0,85,2.601251,,0,0,20260.0,0.0,25.0,20260.8,0.0,25.0,1.0,0.0,0.0
2026-03-31 20:07:03.363252,20261,25,0,85,2.672823,,0,0,20261.0,0.0,25.0,20260.8,0.0,25.0,0.0,0.0,0.0
2026-03-31 20:07:05.963724,20261,25,0,85,2.600472,,0,0,20261.0,0.0,25.0,20260.8,0.0,25.0,0.0,0.0,0.0
2026-03-31 20:07:08.641421,20261,25,0,85,2.677697,,0,0,20261.0,0.0,25.0,20260.8,0.0,25.0,0.0,0.0,0.0
2026-03-31 20:07:11.243824,20261,25,0,85,2.602403,,0,0,20261.0,0.0,25.0,20261.0,0.0,25.0,0.0,0.0,0.0
2026-03-31 20:07:13.917504,20260,25,0,85,2.67368,,0,0,20261.0,0.0,25.0,20260.8,0.0,25.0,-1.0,0.0,0.0
2026-03-31 20:07:16.519122,20261,25,1,85,2.601618,854249.0,1,20261,20260.0,0.0,25.0,20260.8,0.2,25.0,1.0,1.0,0.0
2026-03-31 20:07:19.192638,20260,25,0,85,2.673516,,0,0,20261.0,1.0,25.0,20260.6,0.2,25.0,-1.0,-1.0,0.0
2026-03-31 20:07:21.794407,20260,25,0,85,2.601769,,0,0,20260.0,0.0,25.0,20260.4,0.2,25.0,0.0,0.0,0.0
2026-03-31 20:07:24.440221,20261,25,0,85,2.645814,,0,0,20260.0,0.0,25.0,20260.4,0.2,25.0,1.0,0.0,0.0
2026-03-31 20:07:27.042785,20262,25,0,85,2.602564,,0,0,20261.0,0.0,25.0,20260.8,0.2,25.0,1.0,0.0,0.0
2026-03-31 20:07:29.720855,20261,25,0,85,2.67807,,0,0,20262.0,0.0,25.0,20260.8,0.0,25.0,-1.0,0.0,0.0
2026-03-31 20:07:32.324965,20261,25,0,85,2.60411,,0,0,20261.0,0.0,25.0,20261.0,0.0,25.0,0.0,0.0,0.0
2026-03-31 20:07:35.005019,20261,25,0,85,2.680054,,0,0,20261.0,0.0,25.0,20261.2,0.0,25.0,0.0,0.0,0.0
2026-03-31 20:07:37.608105,20261,25,0,85,2.603086,,0,0,20261.0,0.0,25.0,20261.2,0.0,25.0,0.0,0.0,0.0
2026-03-31 20:07:40.254581,20260,25,0,85,2.646476,,0,0,20261.0,0.0,25.0,20260.8,0.0,25.0,-1.0,0.0,0.0
2026-03-31 20:07:42.858547,20261,25,0,85,2.603966,,0,0,20260.0,0.0,25.0,20260.8,0.0,25.0,1.0,0.0,0.0
2026-03-31 20:07:45.539775,20261,25,0,85,2.681228,,0,0,20261.0,0.0,25.0,20260.8,0.0,25.0,0.0,0.0,0.0
2026-03-31 20:07:48.145832,20261,25,0,85,2.606057,,0,0,20261.0,0.0,25.0,20260.8,0.0,25.0,0.0,0.0,0.0
2026-03-31 20:07:50.825003,20262,25,0,85,2.679171,,0,0,20261.0,0.0,25.0,20261.0,0.0,25.0,1.0,0.0,0.0
2026-03-31 20:07:53.429181,20261,25,0,85,2.604178,,0,0,20262.0,0.0,25.0,20261.2,0.0,25.0,-1.0,0.0,0.0
2026-03-31 20:07:56.108841,20261,25,0,85,2.67966,,0,0,20261.0,0.0,25.0,20261.2,0.0,25.0,0.0,0.0,0.0
2026-03-31 20:07:58.716509,20261,25,0,85,2.607668,,0,0,20261.0,0.0,25.0,20261.2,0.0,25.0,0.0,0.0,0.0
2026-03-31 20:08:01.389840,20261,25,0,85,2.673331,,0,0,20261.0,0.0,25.0,20261.2,0.0,25.0,0.0,0.0,0.0
2026-03-31 20:08:03.996523,20261,25,0,85,2.606683,,0,0,20261.0,0.0,25.0,20261.0,0.0,25.0,0.0,0.0,0.0
2026-03-31 20:08:06.652904,20261,25,0,85,2.656381,,0,0,20261.0,0.0,25.0,20261.0,0.0,25.0,0.0,0.0,0.0
2026-03-31 20:08:09.258153,20260,25,1,85,2.605249,854249.0,1,20260,20261.0,0.0,25.0,20260.8,0.2,25.0,-1.0,1.0,0.0
2026-03-31 20:08:11.935763,20261,25,0,85,2.67761,,0,0,20260.0,1.0,25.0,20260.8,0.2,25.0,1.0,-1.0,0.0
2026-03-31 20:08:14.541713,20261,25,0,85,2.60595,,0,0,20261.0,0.0,25.0,20260.8,0.2,25.0,0.0,0.0,0.0
2026-03-31 20:08:17.220496,20261,25,1,85,2.678783,854249.0,1,20261,20261.0,0.0,25.0,20260.8,0.4,25.0,0.0,1.0,0.0
2026-03-31 20:08:19.827297,20261,25,0,85,2.606801,,0,0,20261.0,1.0,25.0,20260.8,0.4,25.0,0.0,-1.0,0.0
2026-03-31 20:08:22.498453,20262,25,0,85,2.671156,,0,0,20261.0,0.0,25.0,20261.2,0.2,25.0,1.0,0.0,0.0
2026-03-31 20:08:25.105265,20262,25,0,85,2.606812,,0,0,20262.0,0.0,25.0,20261.4,0.2,25.0,0.0,0.0,0.0
2026-03-31 20:08:27.781842,20262,25,0,85,2.676577,,0,0,20262.0,0.0,25.0,20261.6,0.2,25.0,0.0,0.0,0.0
2026-03-31 20:08:30.389410,20262,25,0,85,2.607568,,0,0,20262.0,0.0,25.0,20261.8,0.0,25.0,0.0,0.0,0.0
2026-03-31 20:08:33.050409,20260,25,0,85,2.660999,,0,0,20262.0,0.0,25.0,20261.6,0.0,25.0,-2.0,0.0,0.0
2026-03-31 20:08:35.657093,20261,25,0,85,2.606684,,0,0,20260.0,0.0,25.0,20261.4,0.0,25.0,1.0,0.0,0.0
2026-03-31 20:08:38.340555,20260,25,0,85,2.683462,,0,0,20261.0,0.0,25.0,20261.0,0.0,25.0,-1.0,0.0,0.0
2026-03-31 20:08:40.947374,20261,25,0,85,2.606819,,0,0,20260.0,0.0,25.0,20260.8,0.0,25.0,1.0,0.0,0.0
2026-03-31 20:08:43.626963,20261,25,0,85,2.679589,,0,0,20261.0,0.0,25.0,20260.6,0.0,25.0,0.0,0.0,0.0
2026-03-31 20:08:46.236324,20261,25,0,85,2.609361,,0,0,20261.0,0.0,25.0,20260.8,0.0,25.0,0.0,0.0,0.0
2026-03-31 20:08:48.920234,20261,25,0,85,2.68391,,0,0,20261.0,0.0,25.0,20260.8,0.0,25.0,0.0,0.0,0.0
2026-03-31 20:08:51.528976,20261,25,0,85,2.608742,,0,0,20261.0,0.0,25.0,20261.0,0.0,25.0,0.0,0.0,0.0
2026-03-31 20:08:54.212568,20262,25,0,85,2.683592,,0,0,20261.0,0.0,25.0,20261.2,0.0,25.0,1.0,0.0,0.0
2026-03-31 20:08:56.824643,20261,25,0,85,2.612075,,0,0,20262.0,0.0,25.0,20261.2,0.0,25.0,-1.0,0.0,0.0
2026-03-31 20:08:59.470863,20262,25,0,85,2.64622,,0,0,20261.0,0.0,25.0,20261.4,0.0,25.0,1.0,0.0,0.0
2026-03-31 20:09:02.079677,20261,25,0,85,2.608814,,0,0,20262.0,0.0,25.0,20261.4,0.0,25.0,-1.0,0.0,0.0
2026-03-31 20:09:04.760708,20262,25,0,85,2.681031,,0,0,20261.0,0.0,25.0,20261.6,0.0,25.0,1.0,0.0,0.0
2026-03-31 20:09:07.369727,20261,25,0,85,2.609019,,0,0,20262.0,0.0,25.0,20261.4,0.0,25.0,-1.0,0.0,0.0
2026-03-31 20:09:10.037324,20262,25,0,85,2.667597,,0,0,20261.0,0.0,25.0,20261.6,0.0,25.0,1.0,0.0,0.0
2026-03-31 20:09:12.646534,20263,25,0,85,2.60921,,0,0,20262.0,0.0,25.0,20261.8,0.0,25.0,1.0,0.0,0.0
2026-03-31 20:09:15.326957,20262,25,0,85,2.680423,,0,0,20263.0,0.0,25.0,20262.0,0.0,25.0,-1.0,0.0,0.0
2026-03-31 20:09:17.936388,20262,25,0,85,2.609431,,0,0,20262.0,0.0,25.0,20262.0,0.0,25.0,0.0,0.0,0.0
2026-03-31 20:09:20.628596,20260,25,0,85,2.692208,,0,0,20262.0,0.0,25.0,20261.8,0.0,25.0,-2.0,0.0,0.0
2026-03-31 20:09:23.238200,20261,25,0,85,2.609604,,0,0,20260.0,0.0,25.0,20261.6,0.0,25.0,1.0,0.0,0.0
2026-03-31 20:09:25.924262,20261,25,0,85,2.686062,,0,0,20261.0,0.0,25.0,20261.2,0.0,25.0,0.0,0.0,0.0
2026-03-31 20:09:28.538501,20261,25,0,85,2.614239,,0,0,20261.0,0.0,25.0,20261.0,0.0,25.0,0.0,0.0,0.0
2026-03-31 20:09:31.222270,20262,25,0,85,2.683769,,0,0,20261.0,0.0,25.0,20261.0,0.0,25.0,1.0,0.0,0.0
2026-03-31 20:09:33.832987,20262,25,0,85,2.610717,,0,0,20262.0,0.0,25.0,20261.4,0.0,25.0,0.0,0.0,0.0
2026-03-31 20:09:36.488858,20261,25,0,85,2.655871,,0,0,20262.0,0.0,25.0,20261.4,0.0,25.0,-1.0,0.0,0.0
2026-03-31 20:09:39.104383,20262,25,0,85,2.615525,,0,0,20261.0,0.0,25.0,20261.6,0.0,25.0,1.0,0.0,0.0
2026-03-31 20:09:41.789810,20262,25,0,85,2.685427,,0,0,20262.0,0.0,25.0,20261.8,0.0,25.0,0.0,0.0,0.0
2026-03-31 20:09:44.401396,20262,25,0,85,2.611586,,0,0,20262.0,0.0,25.0,20261.8,0.0,25.0,0.0,0.0,0.0
2026-03-31 20:09:47.088009,20262,25,0,85,2.686613,,0,0,20262.0,0.0,25.0,20261.8,0.0,25.0,0.0,0.0,0.0
2026-03-31 20:09:49.699716,20261,25,0,85,2.611707,,0,0,20262.0,0.0,25.0,20261.8,0.0,25.0,-1.0,0.0,0.0
2026-03-31 20:09:52.387482,20262,25,0,85,2.687766,,0,0,20261.0,0.0,25.0,20261.8,0.0,25.0,1.0,0.0,0.0
2026-03-31 20:09:54.999708,20263,25,0,85,2.612226,,0,0,20262.0,0.0,25.0,20262.0,0.0,25.0,1.0,0.0,0.0
2026-03-31 20:09:57.657333,20262,25,0,85,2.657625,,0,0,20263.0,0.0,25.0,20262.0,0.0,25.0,-1.0,0.0,0.0
2026-03-31 20:10:00.270954,20261,25,0,85,2.613621,,0,0,20262.0,0.0,25.0,20261.8,0.0,25.0,-1.0,0.0,0.0
2026-03-31 20:10:02.955646,20262,25,0,85,2.684692,,0,0,20261.0,0.0,25.0,20262.0,0.0,25.0,1.0,0.0,0.0
2026-03-31 20:10:05.568243,20261,25,0,85,2.612597,,0,0,20262.0,0.0,25.0,20261.8,0.0,25.0,-1.0,0.0,0.0
2026-03-31 20:10:08.245044,20262,25,0,85,2.676801,,0,0,20261.0,0.0,25.0,20261.6,0.0,25.0,1.0,0.0,0.0
2026-03-31 20:10:10.857855,20262,25,0,85,2.612811,,0,0,20262.0,0.0,25.0,20261.6,0.0,25.0,0.0,0.0,0.0
2026-03-31 20:10:13.538592,20260,25,0,85,2.680737,,0,0,20262.0,0.0,25.0,20261.4,0.0,25.0,-2.0,0.0,0.0
2026-03-31 20:10:16.156679,20261,25,0,85,2.618087,,0,0,20260.0,0.0,25.0,20261.2,0.0,25.0,1.0,0.0,0.0
2026-03-31 20:10:18.842404,20261,25,0,85,2.685725,,0,0,20261.0,0.0,25.0,20261.2,0.0,25.0,0.0,0.0,0.0
2026-03-31 20:10:21.455782,20263,25,0,85,2.613378,,0,0,20261.0,0.0,25.0,20261.4,0.0,25.0,2.0,0.0,0.0
2026-03-31 20:10:24.141663,20261,25,0,85,2.685881,,0,0,20263.0,0.0,25.0,20261.2,0.0,25.0,-2.0,0.0,0.0
2026-03-31 20:10:26.755427,20262,25,0,85,2.613764,,0,0,20261.0,0.0,25.0,20261.6,0.0,25.0,1.0,0.0,0.0
2026-03-31 20:10:29.423155,20262,25,0,85,2.667728,,0,0,20262.0,0.0,25.0,20261.8,0.0,25.0,0.0,0.0,0.0
2026-03-31 20:10:32.038480,20263,25,0,85,2.615325,,0,0,20262.0,0.0,25.0,20262.2,0.0,25.0,1.0,0.0,0.0
2026-03-31 20:10:34.720319,20262,25,0,85,2.681839,,0,0,20263.0,0.0,25.0,20262.0,0.0,25.0,-1.0,0.0,0.0
2026-03-31 20:10:37.336068,20263,25,0,85,2.615749,,0,0,20262.0,0.0,25.0,20262.4,0.0,25.0,1.0,0.0,0.0
2026-03-31 20:10:40.024212,20262,25,0,85,2.688144,,0,0,20263.0,0.0,25.0,20262.4,0.0,25.0,-1.0,0.0,0.0
2026-03-31 20:10:42.639665,20261,25,0,85,2.615453,,0,0,20262.0,0.0,25.0,20262.2,0.0,25.0,-1.0,0.0,0.0
2026-03-31 20:10:45.337211,20261,25,0,85,2.697546,,0,0,20261.0,0.0,25.0,20261.8,0.0,25.0,0.0,0.0,0.0
2026-03-31 20:10:47.953157,20261,25,0,85,2.615946,,0,0,20261.0,0.0,25.0,20261.6,0.0,25.0,0.0,0.0,0.0
2026-03-31 20:10:50.645280,20262,25,0,85,2.692123,,0,0,20261.0,0.0,25.0,20261.4,0.0,25.0,1.0,0.0,0.0
2026-03-31 20:10:53.261571,20261,25,0,85,2.616291,,0,0,20262.0,0.0,25.0,20261.2,0.0,25.0,-1.0,0.0,0.0
2026-03-31 20:10:55.957422,20261,25,0,85,2.695851,,0,0,20261.0,0.0,25.0,20261.2,0.0,25.0,0.0,0.0,0.0
2026-03-31 20:10:58.574370,20262,25,0,85,2.616948,,0,0,20261.0,0.0,25.0,20261.4,0.0,25.0,1.0,0.0,0.0
2026-03-31 20:11:01.268965,20262,25,0,85,2.694595,,0,0,20262.0,0.0,25.0,20261.6,0.0,25.0,0.0,0.0,0.0
2026-03-31 20:11:03.885610,20263,25,0,85,2.616645,,0,0,20262.0,0.0,25.0,20261.8,0.0,25.0,1.0,0.0,0.0
2026-03-31 20:11:06.554601,20260,25,1,85,2.668991,854249.0,1,20260,20263.0,0.0,25.0,20261.6,0.2,25.0,-3.0,1.0,0.0
2026-03-31 20:11:09.177303,20263,25,1,85,2.622702,854249.0,1,20263,20260.0,1.0,25.0,20262.0,0.4,25.0,3.0,0.0,0.0
2026-03-31 20:11:11.851031,20261,25,0,85,2.673728,,0,0,20263.0,1.0,25.0,20261.8,0.4,25.0,-2.0,-1.0,0.0
2026-03-31 20:11:14.469178,20261,25,1,85,2.618147,854249.0,1,20261,20261.0,0.0,25.0,20261.6,0.6,25.0,0.0,1.0,0.0
2026-03-31 20:11:17.150776,20262,25,1,85,2.681598,854249.0,1,20262,20261.0,1.0,25.0,20261.4,0.8,25.0,1.0,0.0,0.0
2026-03-31 20:11:19.767958,20262,25,1,85,2.617182,854249.0,1,20262,20262.0,1.0,25.0,20261.8,0.8,25.0,0.0,0.0,0.0
2026-03-31 20:11:22.455576,20261,25,1,85,2.687618,854249.0,1,20261,20262.0,1.0,25.0,20261.4,0.8,25.0,-1.0,0.0,0.0
2026-03-31 20:11:25.074004,20262,25,1,85,2.618428,854249.0,1,20262,20261.0,1.0,25.0,20261.6,1.0,25.0,1.0,0.0,0.0
2026-03-31 20:11:27.762975,20261,25,1,85,2.688971,854249.0,1,20261,20262.0,1.0,25.0,20261.6,1.0,25.0,-1.0,0.0,0.0
2026-03-31 20:11:30.382425,20261,25,1,85,2.61945,854249.0,1,20261,20261.0,1.0,25.0,20261.4,1.0,25.0,0.0,0.0,0.0
2026-03-31 20:11:33.098916,20261,25,1,85,2.716491,854249.0,1,20261,20261.0,1.0,25.0,20261.2,1.0,25.0,0.0,0.0,0.0
2026-03-31 20:11:35.718568,20261,25,0,85,2.619652,,0,0,20261.0,1.0,25.0,20261.2,0.8,25.0,0.0,-1.0,0.0
2026-03-31 20:11:38.405532,20262,25,0,85,2.686964,,0,0,20261.0,0.0,25.0,20261.2,0.6,25.0,1.0,0.0,0.0
2026-03-31 20:11:41.024338,20262,25,0,85,2.618806,,0,0,20262.0,0.0,25.0,20261.4,0.4,25.0,0.0,0.0,0.0
2026-03-31 20:11:43.715363,20261,25,0,85,2.691025,,0,0,20262.0,0.0,25.0,20261.4,0.2,25.0,-1.0,0.0,0.0
2026-03-31 20:11:46.336560,20262,25,1,85,2.621197,854249.0,1,20262,20261.0,0.0,25.0,20261.6,0.2,25.0,1.0,1.0,0.0
2026-03-31 20:11:49.026950,20262,25,0,85,2.69039,,0,0,20262.0,1.0,25.0,20261.8,0.2,25.0,0.0,-1.0,0.0
2026-03-31 20:11:51.646689,20261,25,0,85,2.619739,,0,0,20262.0,0.0,25.0,20261.6,0.2,25.0,-1.0,0.0,0.0
2026-03-31 20:11:54.335513,20261,25,0,85,2.688824,,0,0,20261.0,0.0,25.0,20261.4,0.2,25.0,0.0,0.0,0.0
2026-03-31 20:11:56.956136,20260,25,0,85,2.620623,,0,0,20261.0,0.0,25.0,20261.2,0.2,25.0,-1.0,0.0,0.0
2026-03-31 20:11:59.646987,20262,25,0,85,2.690851,,0,0,20260.0,0.0,25.0,20261.2,0.0,25.0,2.0,0.0,0.0
2026-03-31 20:12:02.268195,20261,25,0,85,2.621208,,0,0,20262.0,0.0,25.0,20261.0,0.0,25.0,-1.0,0.0,0.0
2026-03-31 20:12:04.952729,20264,25,0,85,2.684534,,0,0,20261.0,0.0,25.0,20261.6,0.0,25.0,3.0,0.0,0.0
2026-03-31 20:12:07.574609,20262,25,0,85,2.62188,,0,0,20264.0,0.0,25.0,20261.8,0.0,25.0,-2.0,0.0,0.0
2026-03-31 20:12:10.254859,20261,25,0,85,2.68025,,0,0,20262.0,0.0,25.0,20262.0,0.0,25.0,-1.0,0.0,0.0
2026-03-31 20:12:12.876368,20261,25,0,85,2.621509,,0,0,20261.0,0.0,25.0,20261.8,0.0,25.0,0.0,0.0,0.0
2026-03-31 20:12:15.556050,20261,25,0,85,2.679682,,0,0,20261.0,0.0,25.0,20261.8,0.0,25.0,0.0,0.0,0.0
2026-03-31 20:12:18.176543,20262,25,0,85,2.620493,,0,0,20261.0,0.0,25.0,20261.4,0.0,25.0,1.0,0.0,0.0
2026-03-31 20:12:20.864225,20262,25,1,85,2.687682,854249.0,1,20262,20262.0,0.0,25.0,20261.4,0.2,25.0,0.0,1.0,0.0
2026-03-31 20:12:23.486757,20261,25,1,85,2.622532,854249.0,1,20261,20262.0,1.0,25.0,20261.4,0.4,25.0,-1.0,0.0,0.0
2026-03-31 20:12:26.183362,20263,25,1,85,2.696605,854249.0,1,20263,20261.0,1.0,25.0,20261.8,0.6,25.0,2.0,0.0,0.0
2026-03-31 20:12:28.806359,20263,25,1,85,2.622997,854249.0,1,20263,20263.0,1.0,25.0,20262.2,0.8,25.0,0.0,0.0,0.0
2026-03-31 20:12:31.498974,20265,25,1,85,2.692615,854249.0,1,20265,20263.0,1.0,25.0,20262.8,1.0,25.0,2.0,0.0,0.0
2026-03-31 20:12:34.121847,20262,25,1,85,2.622873,854249.0,1,20262,20265.0,1.0,25.0,20262.8,1.0,25.0,-3.0,0.0,0.0
2026-03-31 20:12:36.819207,20262,25,1,85,2.69736,854249.0,1,20262,20262.0,1.0,25.0,20263.0,1.0,25.0,0.0,0.0,0.0
2026-03-31 20:12:39.442593,20232,25,105,85,2.623386,8135.0,105,2124360,20262.0,1.0,25.0,20256.8,21.8,25.0,-30.0,104.0,0.0
2026-03-31 20:12:42.134612,20098,25,126,85,2.692019,6779.0,126,2532348,20232.0,105.0,25.0,20223.8,46.8,25.0,-134.0,21.0,0.0
2026-03-31 20:12:44.756894,19966,25,381,85,2.622282,2242.0,381,7607046,20098.0,126.0,25.0,20164.0,122.8,25.0,-132.0,255.0,0.0
2026-03-31 20:12:47.451589,19954,25,605,85,2.694695,1411.0,605,12072170,19966.0,381.0,25.0,20102.4,243.6,25.0,-12.0,224.0,0.0
2026-03-31 20:12:50.074446,19948,25,728,85,2.622857,1173.0,728,14522144,19954.0,605.0,25.0,20039.6,389.0,25.0,-6.0,123.0,0.0
2026-03-31 20:12:52.757966,19890,25,901,85,2.68352,948.0,901,17920890,19948.0,728.0,25.0,19971.2,548.2,25.0,-58.0,173.0,0.0
2026-03-31 20:12:55.381997,19730,25,1189,84,2.624031,710.0,1189,23458970,19890.0,901.0,25.0,19897.6,760.8,25.0,-160.0,288.0,0.0
2026-03-31 20:12:58.060776,19479,25,1520,84,2.678779,555.0,1520,29608080,19730.0,1189.0,25.0,19800.2,988.6,25.0,-251.0,331.0,0.0
2026-03-31 20:13:00.685193,19460,25,1971,84,2.624417,428.0,1971,38355660,19479.0,1520.0,25.0,19701.4,1261.8,25.0,-19.0,451.0,0.0
2026-03-31 20:13:03.363616,19434,25,2331,84,2.678423,362.0,2331,45300654,19460.0,1971.0,25.0,19598.6,1582.4,25.0,-26.0,360.0,0.0
2026-03-31 20:13:05.987324,19421,25,2538,84,2.623708,332.0,2538,49290498,19434.0,2331.0,25.0,19504.8,1909.8,25.0,-13.0,207.0,0.0
2026-03-31 20:13:08.668759,19415,25,2787,84,2.681435,302.0,2787,54109605,19421.0,2538.0,25.0,19441.8,2229.4,25.0,-6.0,249.0,0.0
2026-03-31 20:13:11.293863,19410,25,2977,84,2.625104,283.0,2977,57783570,19415.0,2787.0,25.0,19428.0,2520.8,25.0,-5.0,190.0,0.0
2026-03-31 20:13:13.985101,20068,25,2787,84,2.691238,302.0,2787,55929516,19410.0,2977.0,25.0,19549.6,2684.0,25.0,658.0,-190.0,0.0
2026-03-31 20:13:16.613903,20093,25,0,84,2.628802,,0,0,20068.0,2787.0,25.0,19681.4,2217.8,25.0,25.0,-2787.0,0.0
2026-03-31 20:13:19.311769,20111,25,0,84,2.697866,,0,0,20093.0,0.0,25.0,19819.4,1710.2,25.0,18.0,0.0,0.0
2026-03-31 20:13:21.936549,20125,25,0,84,2.62478,,0,0,20111.0,0.0,25.0,19961.4,1152.8,25.0,14.0,0.0,0.0
2026-03-31 20:13:24.634687,20134,25,0,84,2.698138,,0,0,20125.0,0.0,25.0,20106.2,557.4,25.0,9.0,0.0,0.0
2026-03-31 20:13:27.260031,20141,25,0,84,2.625344,,0,0,20134.0,0.0,25.0,20120.8,0.0,25.0,7.0,0.0,0.0
